<?xml version="1.0" encoding="UTF-8"?>
<included>
  <appender name="ginjaslog" class="ch.qos.logback.core.rolling.RollingFileAppender">
    <File>${karaf.data}/log/ginjas.log</File>
    <Append>true</Append>
    <encoder>
      <pattern>%d{"yyyy-MM-dd HH:mm:ss,SSSZ"} %-5p [%thread] %mdc{ginjasUserId:-*SYSTEM} %c - %m%n</pattern>
    </encoder>
    <rollingPolicy class="ch.qos.logback.core.rolling.TimeBasedRollingPolicy">
      <fileNamePattern>${karaf.data}/log/ginjas-%d{yyyy-MMdd}.log.gz</fileNamePattern>
      <maxHistory>90</maxHistory>
    </rollingPolicy>
  </appender>

  <logger name="jp.scsk.ginjas.filter" level="DEBUG">
    <appender-ref ref="ginjaslog"/>
  </logger>
</included>
