<?xml version="1.0" encoding="UTF-8"?>
<web-app xmlns="http://java.sun.com/xml/ns/javaee"
         xmlns:xsi="http://www.w3.org/2001/XMLSchema-instance"
         xsi:schemaLocation="http://java.sun.com/xml/ns/javaee http://java.sun.com/xml/ns/javaee/web-app_3_0.xsd"
         version="3.0">

  <display-name>Sonatype Nexus</display-name>

  <listener>
    <listener-class>org.sonatype.nexus.bootstrap.osgi.BootstrapListener</listener-class>
  </listener>

  <filter>
    <filter-name>ginjasFilter</filter-name>
    <filter-class>jp.scsk.ginjas.filter.AccessFilter</filter-class>
	<init-param>
      <param-name>adminUser</param-name>
      <param-value>root</param-value>
    </init-param>
	<init-param>
      <param-name>pathPrefix</param-name>
      <param-value>/repository/maven-public</param-value>
    </init-param>
	<init-param>
      <param-name>jdbcDriver</param-name>
      <param-value>org.postgresql.Driver</param-value>
    </init-param>
	<init-param>
      <param-name>jdbcUrl</param-name>
      <param-value>jdbc:postgresql://localhost:5432/appdb</param-value>
    </init-param>
	<init-param>
      <param-name>dbUser</param-name>
      <param-value>postgres</param-value>
    </init-param>
	<init-param>
      <param-name>dbPassword</param-name>
      <param-value>passw0rd</param-value>
    </init-param>
	<init-param>
      <param-name>updateBlacklist</param-name>
      <param-value>5000</param-value>
    </init-param>
  </filter>

  <filter>
    <filter-name>nexusFilter</filter-name>
    <filter-class>org.sonatype.nexus.bootstrap.osgi.DelegatingFilter</filter-class>
  </filter>

  <filter-mapping>
    <filter-name>ginjasFilter</filter-name>
    <url-pattern>/*</url-pattern>
  </filter-mapping>

  <filter-mapping>
    <filter-name>nexusFilter</filter-name>
    <url-pattern>/*</url-pattern>
    <dispatcher>REQUEST</dispatcher>
    <dispatcher>ERROR</dispatcher>
  </filter-mapping>

  <welcome-file-list>
    <welcome-file>index.html</welcome-file>
  </welcome-file-list>

  <error-page>
    <location>/error.html</location>
  </error-page>
</web-app>
