<?xml version="1.0" encoding="UTF-8"?>
<!DOCTYPE sun-ejb-jar PUBLIC "-//Sun Microsystems, Inc.//DTD Application Server 9.0 EJB 3.0//EN"
"http://www.sun.com/software/appserver/dtds/sun-ejb-jar_3_0-0.dtd">
<sun-ejb-jar>
<enterprise-beans>
  
  <ejb>
    <ejb-name>EventEJB</ejb-name>
    <jndi-name>EventEJB</jndi-name>
    <resource-ref>
      <res-ref-name>jdbc/HCDB</res-ref-name>
      <jndi-name>jdbc/HCDB</jndi-name>
    </resource-ref>
  </ejb>

  <ejb>
    <ejb-name>OutLogEJB</ejb-name>
    <jndi-name>OutLogEJB</jndi-name>
    <resource-ref>
      <res-ref-name>jdbc/HCDB</res-ref-name>
      <jndi-name>jdbc/HCDB</jndi-name>
    </resource-ref>
  </ejb>

  <ejb>
    <ejb-name>CommonParameterEJB</ejb-name>
    <jndi-name>CommonParameterEJB</jndi-name>
    <resource-ref>
      <res-ref-name>jdbc/HCDB</res-ref-name>
      <jndi-name>jdbc/HCDB</jndi-name>
    </resource-ref>
  </ejb>

  <ejb>
    <ejb-name>PYF_BlobDBAccessOracleEJB</ejb-name>
    <jndi-name>PYF_BlobDBAccessOracleEJB</jndi-name>
    <resource-ref>
      <res-ref-name>jdbc/HCDB</res-ref-name>
      <jndi-name>jdbc/HCDB</jndi-name>
    </resource-ref>
  </ejb>

  <ejb>
    <ejb-name>PYF_BlobDBAccessCosmiEJB</ejb-name>
    <jndi-name>PYF_BlobDBAccessCosmiEJB</jndi-name>
    <resource-ref>
      <res-ref-name>jdbc/HCDB</res-ref-name>
      <jndi-name>jdbc/HCDB</jndi-name>
    </resource-ref>
  </ejb>

  <ejb>
    <ejb-name>PZE_ExcelHanyoDownloadEJB</ejb-name>
    <jndi-name>PZE_ExcelHanyoDownloadEJB</jndi-name>
    <resource-ref>
      <res-ref-name>jdbc/HCDB</res-ref-name>
      <jndi-name>jdbc/HCDB</jndi-name>
    </resource-ref>
  </ejb>

  <ejb>
    <ejb-name>LegacyEJB</ejb-name>
    <jndi-name>LegacyEJB</jndi-name>
    <resource-ref>
      <res-ref-name>jdbc/HCDB</res-ref-name>
      <jndi-name>jdbc/HCDB</jndi-name>
    </resource-ref>
  </ejb>

</enterprise-beans>
</sun-ejb-jar>