<?xml version="1.0" encoding="MS932"?>

<!DOCTYPE ejb-jar PUBLIC "-//Sun Microsystems, Inc.//DTD Enterprise JavaBeans 1.1//EN" "http://java.sun.com/j2ee/dtds/ejb-jar_1_1.dtd">

<ejb-jar>
	<display-name>baseEJB</display-name>
	<enterprise-beans>
		<session>
			<display-name>EventEJB</display-name>
			<ejb-name>EventEJB</ejb-name>
			<home>jp.co.hisas.career.ejb.EventEJBHome</home>
			<remote>jp.co.hisas.career.ejb.EventEJB</remote>
			<ejb-class>jp.co.hisas.career.ejb.EventEJBBean</ejb-class>
			<session-type>Stateless</session-type>
			<transaction-type>Container</transaction-type>
			<resource-ref>
				<res-ref-name>jdbc/HCDB</res-ref-name>
				<res-type>javax.sql.DataSource</res-type>
				<res-auth>Container</res-auth>
			</resource-ref>
		</session>
		<session>
			<display-name>OutLogEJB</display-name>
			<ejb-name>OutLogEJB</ejb-name>
			<home>jp.co.hisas.career.ejb.OutLogEJBHome</home>
			<remote>jp.co.hisas.career.ejb.OutLogEJB</remote>
			<ejb-class>jp.co.hisas.career.ejb.OutLogEJBBean</ejb-class>
			<session-type>Stateless</session-type>
			<transaction-type>Container</transaction-type>
			<resource-ref>
				<res-ref-name>jdbc/HCDB</res-ref-name>
				<res-type>javax.sql.DataSource</res-type>
				<res-auth>Container</res-auth>
			</resource-ref>
		</session>
		<session>
			<display-name>CommonParameterEJB</display-name>
			<ejb-name>CommonParameterEJB</ejb-name>
			<home>jp.co.hisas.career.ejb.CommonParameterEJBHome</home>
			<remote>jp.co.hisas.career.ejb.CommonParameterEJB</remote>
			<ejb-class>jp.co.hisas.career.ejb.CommonParameterEJBBean</ejb-class>
			<session-type>Stateless</session-type>
			<transaction-type>Container</transaction-type>
			<resource-ref>
				<res-ref-name>jdbc/HCDB</res-ref-name>
				<res-type>javax.sql.DataSource</res-type>
				<res-auth>Container</res-auth>
			</resource-ref>
		</session>
		<session>
			<display-name>PYF_BlobDBAccessOracleEJB</display-name>
			<ejb-name>PYF_BlobDBAccessOracleEJB</ejb-name>
			<home>jp.co.hisas.career.ejb.PYF_BlobDBAccessEJBHome</home>
			<remote>jp.co.hisas.career.ejb.PYF_BlobDBAccessEJB</remote>
			<ejb-class>jp.co.hisas.career.ejb.PYF_BlobDBAccessOracleEJBBean</ejb-class>
			<session-type>Stateless</session-type>
			<transaction-type>Container</transaction-type>
			<resource-ref>
				<res-ref-name>jdbc/HCDB</res-ref-name>
				<res-type>javax.sql.DataSource</res-type>
				<res-auth>Container</res-auth>
			</resource-ref>
		</session>
		<session>
			<display-name>PYF_BlobDBAccessCosmiEJB</display-name>
			<ejb-name>PYF_BlobDBAccessCosmiEJB</ejb-name>
			<home>jp.co.hisas.career.ejb.PYF_BlobDBAccessEJBHome</home>
			<remote>jp.co.hisas.career.ejb.PYF_BlobDBAccessEJB</remote>
			<ejb-class>jp.co.hisas.career.ejb.PYF_BlobDBAccessCosmiEJBBean</ejb-class>
			<session-type>Stateless</session-type>
			<transaction-type>Container</transaction-type>
			<resource-ref>
				<res-ref-name>jdbc/HCDB</res-ref-name>
				<res-type>javax.sql.DataSource</res-type>
				<res-auth>Container</res-auth>
			</resource-ref>
		</session>
		<session>
			<display-name>PZE_ExcelHanyoDownloadEJB</display-name>
			<ejb-name>PZE_ExcelHanyoDownloadEJB</ejb-name>
			<home>jp.co.hisas.career.ejb.PZE_ExcelHanyoDownloadEJBHome</home>
			<remote>jp.co.hisas.career.ejb.PZE_ExcelHanyoDownloadEJB</remote>
			<ejb-class>jp.co.hisas.career.ejb.PZE_ExcelHanyoDownloadEJBBean</ejb-class>
			<session-type>Stateless</session-type>
			<transaction-type>Container</transaction-type>
			<resource-ref>
				<res-ref-name>jdbc/HCDB</res-ref-name>
				<res-type>javax.sql.DataSource</res-type>
				<res-auth>Container</res-auth>
			</resource-ref>
		</session>
		<session>
			<display-name>LegacyEJB</display-name>
			<ejb-name>LegacyEJB</ejb-name>
			<home>jp.co.hisas.career.ejb.LegacyEJBHome</home>
			<remote>jp.co.hisas.career.ejb.LegacyEJB</remote>
			<ejb-class>jp.co.hisas.career.ejb.LegacyEJBBean</ejb-class>
			<session-type>Stateless</session-type>
			<transaction-type>Container</transaction-type>
			<resource-ref>
				<res-ref-name>jdbc/HCDB</res-ref-name>
				<res-type>javax.sql.DataSource</res-type>
				<res-auth>Container</res-auth>
			</resource-ref>
		</session>
	</enterprise-beans>
	<assembly-descriptor>
		<container-transaction>
			<method>
				<ejb-name>EventEJB</ejb-name>
				<method-name>*</method-name>
			</method>
			<trans-attribute>Required</trans-attribute>
		</container-transaction>
		<container-transaction>
			<method>
				<ejb-name>OutLogEJB</ejb-name>
				<method-name>*</method-name>
			</method>
			<trans-attribute>Required</trans-attribute>
		</container-transaction>
		<container-transaction>
			<method>
				<ejb-name>CommonParameterEJB</ejb-name>
				<method-name>*</method-name>
			</method>
			<trans-attribute>Required</trans-attribute>
		</container-transaction>
		<container-transaction>
			<method>
				<ejb-name>PZE_ExcelHanyoDownloadEJB</ejb-name>
				<method-name>*</method-name>
			</method>
			<trans-attribute>Required</trans-attribute>
		</container-transaction>
		<container-transaction>
			<method>
				<ejb-name>LegacyEJB</ejb-name>
				<method-name>*</method-name>
			</method>
			<trans-attribute>Required</trans-attribute>
		</container-transaction>

	</assembly-descriptor>
</ejb-jar>
