<?xml version="1.0" encoding="UTF-8"?>
<!DOCTYPE cosminexus-app PUBLIC '-//Hitachi, Ltd.//DTD Cosminexus 9.5//EN' ''>
<cosminexus-app>
	<ejb-jar>
		<module-name>baseEJB.jar</module-name>
		<session>
			<ejb-name>PYF_BlobDBAccessOracleEJB</ejb-name>
			<resource-ref>
				<res-ref-name>jdbc/HCDB</res-ref-name>
				<linked-to>HCDB</linked-to>
			</resource-ref>
			<optional-name>PYF_BlobDBAccessOracleEJB</optional-name>
		</session>
		<session>
			<ejb-name>PYF_BlobDBAccessCosmiEJB</ejb-name>
			<resource-ref>
				<res-ref-name>jdbc/HCDB</res-ref-name>
				<linked-to>HCDB</linked-to>
			</resource-ref>
			<optional-name>PYF_BlobDBAccessCosmiEJB</optional-name>
		</session>
		<session>
			<ejb-name>CodeEJB</ejb-name>
			<resource-ref>
				<res-ref-name>jdbc/HCDB</res-ref-name>
				<linked-to>HCDB</linked-to>
			</resource-ref>
			<optional-name>CodeEJB</optional-name>
		</session>
		<session>
			<ejb-name>SosikiEJB</ejb-name>
			<resource-ref>
				<res-ref-name>jdbc/HCDB</res-ref-name>
				<linked-to>HCDB</linked-to>
			</resource-ref>
			<optional-name>SosikiEJB</optional-name>
		</session>
		<session>
			<ejb-name>PYG_MessageSenderEJB</ejb-name>
			<resource-ref>
				<res-ref-name>jdbc/HCDB</res-ref-name>
				<linked-to>HCDB</linked-to>
			</resource-ref>
			<optional-name>PYG_MessageSenderEJB</optional-name>
		</session>
		<session>
			<ejb-name>YakusyokuEJB</ejb-name>
			<resource-ref>
				<res-ref-name>jdbc/HCDB</res-ref-name>
				<linked-to>HCDB</linked-to>
			</resource-ref>
			<optional-name>YakusyokuEJB</optional-name>
		</session>
	</ejb-jar>
	<ejb-jar>
		<module-name>batchEJB.jar</module-name>
		<session>
			<ejb-name>ImportPersonalEJB</ejb-name>
			<resource-ref>
				<res-ref-name>jdbc/HCDB</res-ref-name>
				<linked-to>HCDB</linked-to>
			</resource-ref>
			<optional-name>ImportPersonalEJB</optional-name>
		</session>
		<session>
			<ejb-name>SoshikiEditorEJB</ejb-name>
			<resource-ref>
				<res-ref-name>jdbc/HCDB</res-ref-name>
				<linked-to>HCDB</linked-to>
			</resource-ref>
			<optional-name>SoshikiEditorEJB</optional-name>
		</session>
		<session>
			<ejb-name>ContencyCheckerEJB</ejb-name>
			<resource-ref>
				<res-ref-name>jdbc/HCDB</res-ref-name>
				<linked-to>HCDB</linked-to>
			</resource-ref>
			<optional-name>ContencyCheckerEJB</optional-name>
		</session>
		<session>
			<ejb-name>PCY_FollowMailSenderEJB</ejb-name>
			<resource-ref>
				<res-ref-name>jdbc/HCDB</res-ref-name>
				<linked-to>HCDB</linked-to>
			</resource-ref>
			<optional-name>PCY_FollowMailSenderEJB</optional-name>
		</session>
		<session>
			<ejb-name>PCY_SasimodosiDaoEJB</ejb-name>
			<resource-ref>
				<res-ref-name>jdbc/HCDB</res-ref-name>
				<linked-to>HCDB</linked-to>
			</resource-ref>
			<optional-name>PCY_SasimodosiDaoEJB</optional-name>
		</session>
		<session>
			<ejb-name>PCY_SasimodosiEJB</ejb-name>
			<resource-ref>
				<res-ref-name>jdbc/HCDB</res-ref-name>
				<linked-to>HCDB</linked-to>
			</resource-ref>
			<optional-name>PCY_SasimodosiEJB</optional-name>
		</session>
		<session>
			<ejb-name>PCY_TorikesiUketukeEJB</ejb-name>
			<resource-ref>
				<res-ref-name>jdbc/HCDB</res-ref-name>
				<linked-to>HCDB</linked-to>
			</resource-ref>
			<optional-name>PCY_TorikesiUketukeEJB</optional-name>
		</session>
		<session>
			<ejb-name>PCY_TorikesiUketukeDaoEJB</ejb-name>
			<resource-ref>
				<res-ref-name>jdbc/HCDB</res-ref-name>
				<linked-to>HCDB</linked-to>
			</resource-ref>
			<optional-name>PCY_TorikesiUketukeDaoEJB</optional-name>
		</session>
		<session>
			<ejb-name>PCY_KaikoTuchiDaoEJB</ejb-name>
			<resource-ref>
				<res-ref-name>jdbc/HCDB</res-ref-name>
				<linked-to>HCDB</linked-to>
			</resource-ref>
			<optional-name>PCY_KaikoTuchiDaoEJB</optional-name>
		</session>
		<session>
			<ejb-name>PCY_MisyouninChikusekiDaoEJB</ejb-name>
			<resource-ref>
				<res-ref-name>jdbc/HCDB</res-ref-name>
				<linked-to>HCDB</linked-to>
			</resource-ref>
			<optional-name>PCY_MisyouninChikusekiDaoEJB</optional-name>
		</session>
		<session>
			<ejb-name>PCY_MisyoriChikusekiDaoEJB</ejb-name>
			<resource-ref>
				<res-ref-name>jdbc/HCDB</res-ref-name>
				<linked-to>HCDB</linked-to>
			</resource-ref>
			<optional-name>PCY_MisyoriChikusekiDaoEJB</optional-name>
		</session>
		<session>
			<ejb-name>PCY_JyotaiSeniDaoEJB</ejb-name>
			<resource-ref>
				<res-ref-name>jdbc/HCDB</res-ref-name>
				<linked-to>HCDB</linked-to>
			</resource-ref>
			<optional-name>PCY_JyotaiSeniDaoEJB</optional-name>
		</session>
		<session>
			<ejb-name>PCY_MousikomiFollowMailSenderEJB</ejb-name>
			<resource-ref>
				<res-ref-name>jdbc/HCDB</res-ref-name>
				<linked-to>HCDB</linked-to>
			</resource-ref>
			<optional-name>PCY_MousikomiFollowMailSenderEJB</optional-name>
		</session>
		<session>
			<ejb-name>PCY_KensyugoFollowMailSenderEJB</ejb-name>
			<resource-ref>
				<res-ref-name>jdbc/HCDB</res-ref-name>
				<linked-to>HCDB</linked-to>
			</resource-ref>
			<optional-name>PCY_KensyugoFollowMailSenderEJB</optional-name>
		</session>
		<session>
			<ejb-name>ImportPersonalEJB</ejb-name>
			<resource-ref>
				<res-ref-name>jdbc/HCDB</res-ref-name>
				<linked-to>HCDB</linked-to>
			</resource-ref>
			<optional-name>ImportPersonalEJB</optional-name>
		</session>
	</ejb-jar>
	<ejb-jar>
		<module-name>departmentEJB.jar</module-name>
		<session>
			<ejb-name>PEB_KouboAnkenEJB</ejb-name>
			<resource-ref>
				<res-ref-name>jdbc/HCDB</res-ref-name>
				<linked-to>HCDB</linked-to>
			</resource-ref>
			<optional-name>PEB_KouboAnkenEJB</optional-name>
		</session>
		<session>
			<ejb-name>PEB_SuccessOrFailureEJB</ejb-name>
			<resource-ref>
				<res-ref-name>jdbc/HCDB</res-ref-name>
				<linked-to>HCDB</linked-to>
			</resource-ref>
			<optional-name>PEB_SuccessOrFailureEJB</optional-name>
		</session>
		<session>
			<ejb-name>PEY_CodeEJB</ejb-name>
			<resource-ref>
				<res-ref-name>jdbc/HCDB</res-ref-name>
				<linked-to>HCDB</linked-to>
			</resource-ref>
			<optional-name>PEY_CodeEJB</optional-name>
		</session>
		<session>
			<ejb-name>PEY_PersonalEJB</ejb-name>
			<resource-ref>
				<res-ref-name>jdbc/HCDB</res-ref-name>
				<linked-to>HCDB</linked-to>
			</resource-ref>
			<optional-name>PEY_PersonalEJB</optional-name>
		</session>
		<session>
			<ejb-name>PEB_KouboAnkenOuboEJB</ejb-name>
			<resource-ref>
				<res-ref-name>jdbc/HCDB</res-ref-name>
				<linked-to>HCDB</linked-to>
			</resource-ref>
			<optional-name>PEB_KouboAnkenOuboEJB</optional-name>
		</session>
		<session>
			<ejb-name>PEB_KouboAnkenAssessumentRirekiEJB</ejb-name>
			<resource-ref>
				<res-ref-name>jdbc/HCDB</res-ref-name>
				<linked-to>HCDB</linked-to>
			</resource-ref>
			<optional-name>PEB_KouboAnkenAssessumentRirekiEJB</optional-name>
		</session>
		<session>
			<ejb-name>PEB_ShinsaKekkaSetteiEJB</ejb-name>
			<resource-ref>
				<res-ref-name>jdbc/HCDB</res-ref-name>
				<linked-to>HCDB</linked-to>
			</resource-ref>
			<optional-name>PEB_ShinsaKekkaSetteiEJB</optional-name>
		</session>
		<session>
			<ejb-name>PEB_HonninTuuchiEJB</ejb-name>
			<resource-ref>
				<res-ref-name>jdbc/HCDB</res-ref-name>
				<linked-to>HCDB</linked-to>
			</resource-ref>
			<optional-name>PEB_HonninTuuchiEJB</optional-name>
		</session>
		<session>
			<ejb-name>PEB_ShinsaKekkaTsuuchiEJB</ejb-name>
			<resource-ref>
				<res-ref-name>jdbc/HCDB</res-ref-name>
				<linked-to>HCDB</linked-to>
			</resource-ref>
			<optional-name>PEB_ShinsaKekkaTsuuchiEJB</optional-name>
		</session>
		<session>
			<ejb-name>PEY_KouboOubosyaEJB</ejb-name>
			<resource-ref>
				<res-ref-name>jdbc/HCDB</res-ref-name>
				<linked-to>HCDB</linked-to>
			</resource-ref>
			<optional-name>PEY_KouboOubosyaEJB</optional-name>
		</session>
		<session>
			<ejb-name>PEB_KouboAnkenSakuseiEJB</ejb-name>
			<resource-ref>
				<res-ref-name>jdbc/HCDB</res-ref-name>
				<linked-to>HCDB</linked-to>
			</resource-ref>
			<optional-name>PEB_KouboAnkenSakuseiEJB</optional-name>
		</session>
		<session>
			<ejb-name>PEB_NijiShinsaGouhiSetteiEJB</ejb-name>
			<resource-ref>
				<res-ref-name>jdbc/HCDB</res-ref-name>
				<linked-to>HCDB</linked-to>
			</resource-ref>
			<optional-name>PEB_NijiShinsaGouhiSetteiEJB</optional-name>
		</session>
		<session>
			<ejb-name>PEB_OubosyaJyohoEJB</ejb-name>
			<resource-ref>
				<res-ref-name>jdbc/HCDB</res-ref-name>
				<linked-to>HCDB</linked-to>
			</resource-ref>
			<optional-name>PEB_OubosyaJyohoEJB</optional-name>
		</session>
		<session>
			<ejb-name>PEB_KanrisyaEJB</ejb-name>
			<resource-ref>
				<res-ref-name>jdbc/HCDB</res-ref-name>
				<linked-to>HCDB</linked-to>
			</resource-ref>
			<optional-name>PEB_KanrisyaEJB</optional-name>
		</session>
		<session>
			<ejb-name>PEB_KouboMenuEJB</ejb-name>
			<resource-ref>
				<res-ref-name>jdbc/HCDB</res-ref-name>
				<linked-to>HCDB</linked-to>
			</resource-ref>
			<optional-name>PEB_KouboMenuEJB</optional-name>
		</session>
		<session>
			<ejb-name>PEB_IchijiShinsaGouhiSetteiEJB</ejb-name>
			<resource-ref>
				<res-ref-name>jdbc/HCDB</res-ref-name>
				<linked-to>HCDB</linked-to>
			</resource-ref>
			<optional-name>PEB_IchijiShinsaGouhiSetteiEJB</optional-name>
		</session>
		<session>
			<ejb-name>PEB_OuboKanriEJB</ejb-name>
			<resource-ref>
				<res-ref-name>jdbc/HCDB</res-ref-name>
				<linked-to>HCDB</linked-to>
			</resource-ref>
			<optional-name>PEB_OuboKanriEJB</optional-name>
		</session>
		<session>
			<ejb-name>PEY_KouboEJB</ejb-name>
			<resource-ref>
				<res-ref-name>jdbc/HCDB</res-ref-name>
				<linked-to>HCDB</linked-to>
			</resource-ref>
			<optional-name>PEY_KouboEJB</optional-name>
		</session>
		<session>
			<ejb-name>PEB_SaiyousyaKetteiEJB</ejb-name>
			<resource-ref>
				<res-ref-name>jdbc/HCDB</res-ref-name>
				<linked-to>HCDB</linked-to>
			</resource-ref>
			<optional-name>PEB_SaiyousyaKetteiEJB</optional-name>
		</session>
		<session>
			<ejb-name>PEA_ForumEJB</ejb-name>
			<resource-ref>
				<res-ref-name>jdbc/HCDB</res-ref-name>
				<linked-to>HCDB</linked-to>
			</resource-ref>
			<optional-name>PEA_ForumEJB</optional-name>
		</session>
		<session>
			<ejb-name>PEA_ToukouEJB</ejb-name>
			<resource-ref>
				<res-ref-name>jdbc/HCDB</res-ref-name>
				<linked-to>HCDB</linked-to>
			</resource-ref>
			<optional-name>PEA_ToukouEJB</optional-name>
		</session>
		<session>
			<ejb-name>PEA010_ForumEJB</ejb-name>
			<resource-ref>
				<res-ref-name>jdbc/HCDB</res-ref-name>
				<linked-to>HCDB</linked-to>
			</resource-ref>
			<optional-name>PEA010_ForumEJB</optional-name>
		</session>
		<session>
			<ejb-name>PEA_SankaHanteiEJB</ejb-name>
			<resource-ref>
				<res-ref-name>jdbc/HCDB</res-ref-name>
				<linked-to>HCDB</linked-to>
			</resource-ref>
			<optional-name>PEA_SankaHanteiEJB</optional-name>
		</session>
		<session>
			<ejb-name>PEY_CounterEJB</ejb-name>
			<resource-ref>
				<res-ref-name>jdbc/HCDB</res-ref-name>
				<linked-to>HCDB</linked-to>
			</resource-ref>
			<optional-name>PEY_CounterEJB</optional-name>
		</session>
		<session>
			<ejb-name>PEC_DownloadEJB</ejb-name>
			<resource-ref>
				<res-ref-name>jdbc/HCDB</res-ref-name>
				<linked-to>HCDB</linked-to>
			</resource-ref>
			<optional-name>PEC_DownloadEJB</optional-name>
		</session>
	</ejb-jar>
	<ejb-jar>
		<module-name>learningEJB.jar</module-name>
		<session>
			<ejb-name>PCY_EsNinsyoRirekiEJB</ejb-name>
			<resource-ref>
				<res-ref-name>jdbc/HCDB</res-ref-name>
				<linked-to>HCDB</linked-to>
			</resource-ref>
			<optional-name>PCY_EsNinsyoRirekiEJB</optional-name>
		</session>
		<session>
			<ejb-name>PCY_OsiraseEJB</ejb-name>
			<resource-ref>
				<res-ref-name>jdbc/HCDB</res-ref-name>
				<linked-to>HCDB</linked-to>
			</resource-ref>
			<optional-name>PCY_OsiraseEJB</optional-name>
		</session>
		<session>
			<ejb-name>PCY_BumonIkuseiEJB</ejb-name>
			<resource-ref>
				<res-ref-name>jdbc/HCDB</res-ref-name>
				<linked-to>HCDB</linked-to>
			</resource-ref>
			<optional-name>PCY_BumonIkuseiEJB</optional-name>
		</session>
		<session>
			<ejb-name>PCY_JyukousyaKanriEJB</ejb-name>
			<resource-ref>
				<res-ref-name>jdbc/HCDB</res-ref-name>
				<linked-to>HCDB</linked-to>
			</resource-ref>
			<optional-name>PCY_JyukousyaKanriEJB</optional-name>
		</session>
		<session>
			<ejb-name>PCY_DaikoNyuryokuEJB</ejb-name>
			<resource-ref>
				<res-ref-name>jdbc/HCDB</res-ref-name>
				<linked-to>HCDB</linked-to>
			</resource-ref>
			<optional-name>PCY_DaikoNyuryokuEJB</optional-name>
		</session>
		<session>
			<ejb-name>PCY_TaisyoEJB</ejb-name>
			<resource-ref>
				<res-ref-name>jdbc/HCDB</res-ref-name>
				<linked-to>HCDB</linked-to>
			</resource-ref>
			<optional-name>PCY_TaisyoEJB</optional-name>
		</session>
		<session>
			<ejb-name>PCY_PersonalEJB</ejb-name>
			<resource-ref>
				<res-ref-name>jdbc/HCDB</res-ref-name>
				<linked-to>HCDB</linked-to>
			</resource-ref>
			<optional-name>PCY_PersonalEJB</optional-name>
		</session>
		<session>
			<ejb-name>PCY_KanrenKyoikuKamokuEJB</ejb-name>
			<resource-ref>
				<res-ref-name>jdbc/HCDB</res-ref-name>
				<linked-to>HCDB</linked-to>
			</resource-ref>
			<optional-name>PCY_KanrenKyoikuKamokuEJB</optional-name>
		</session>
		<session>
			<ejb-name>PCY_MousikomiJyokyoEJB</ejb-name>
			<resource-ref>
				<res-ref-name>jdbc/HCDB</res-ref-name>
				<linked-to>HCDB</linked-to>
			</resource-ref>
			<optional-name>PCY_MousikomiJyokyoEJB</optional-name>
		</session>
		<session>
			<ejb-name>PCY_KensyuRirekiEJB</ejb-name>
			<resource-ref>
				<res-ref-name>jdbc/HCDB</res-ref-name>
				<linked-to>HCDB</linked-to>
			</resource-ref>
			<optional-name>PCY_KensyuRirekiEJB</optional-name>
		</session>
		<session>
			<ejb-name>PCY_KamokuEJB</ejb-name>
			<resource-ref>
				<res-ref-name>jdbc/HCDB</res-ref-name>
				<linked-to>HCDB</linked-to>
			</resource-ref>
			<optional-name>PCY_KamokuEJB</optional-name>
		</session>
		<session>
			<ejb-name>PCY_HonninKensyuJyohouEJB</ejb-name>
			<resource-ref>
				<res-ref-name>jdbc/HCDB</res-ref-name>
				<linked-to>HCDB</linked-to>
			</resource-ref>
			<optional-name>PCY_HonninKensyuJyohouEJB</optional-name>
		</session>
		<session>
			<ejb-name>PCY_SyoninsyaEJB</ejb-name>
			<resource-ref>
				<res-ref-name>jdbc/HCDB</res-ref-name>
				<linked-to>HCDB</linked-to>
			</resource-ref>
			<optional-name>PCY_SyoninsyaEJB</optional-name>
		</session>
		<session>
			<ejb-name>PCY_CounterEJB</ejb-name>
			<resource-ref>
				<res-ref-name>jdbc/HCDB</res-ref-name>
				<linked-to>HCDB</linked-to>
			</resource-ref>
			<optional-name>PCY_CounterEJB</optional-name>
		</session>
		<session>
			<ejb-name>PCY_CodeEJB</ejb-name>
			<resource-ref>
				<res-ref-name>jdbc/HCDB</res-ref-name>
				<linked-to>HCDB</linked-to>
			</resource-ref>
			<optional-name>PCY_CodeEJB</optional-name>
		</session>
		<session>
			<ejb-name>PCY_ClassEJB</ejb-name>
			<resource-ref>
				<res-ref-name>jdbc/HCDB</res-ref-name>
				<linked-to>HCDB</linked-to>
			</resource-ref>
			<optional-name>PCY_ClassEJB</optional-name>
		</session>
		<session>
			<ejb-name>PCY_ClassCyouseiEJB</ejb-name>
			<resource-ref>
				<res-ref-name>jdbc/HCDB</res-ref-name>
				<linked-to>HCDB</linked-to>
			</resource-ref>
			<optional-name>PCY_ClassCyouseiEJB</optional-name>
		</session>
		<session>
			<ejb-name>PCY_MousikomiSakujoRirekiEJB</ejb-name>
			<resource-ref>
				<res-ref-name>jdbc/HCDB</res-ref-name>
				<linked-to>HCDB</linked-to>
			</resource-ref>
			<optional-name>PCY_MousikomiSakujoRirekiEJB</optional-name>
		</session>
		<session>
			<ejb-name>PCY_IkkatuDownLoadEJB</ejb-name>
			<resource-ref>
				<res-ref-name>jdbc/HCDB</res-ref-name>
				<linked-to>HCDB</linked-to>
			</resource-ref>
			<optional-name>PCY_IkkatuDownLoadEJB</optional-name>
		</session>
		<session>
			<ejb-name>PCY_AccessLogEJB</ejb-name>
			<resource-ref>
				<res-ref-name>jdbc/HCDB</res-ref-name>
				<linked-to>HCDB</linked-to>
			</resource-ref>
			<optional-name>PCY_AccessLogEJB</optional-name>
		</session>
		<session>
			<ejb-name>PCY_KensyuLoadMapEJB</ejb-name>
			<resource-ref>
				<res-ref-name>jdbc/HCDB</res-ref-name>
				<linked-to>HCDB</linked-to>
			</resource-ref>
			<optional-name>PCY_KensyuLoadMapEJB</optional-name>
		</session>
		<session>
			<ejb-name>PCY_UserDefaultEJB</ejb-name>
			<resource-ref>
				<res-ref-name>jdbc/HCDB</res-ref-name>
				<linked-to>HCDB</linked-to>
			</resource-ref>
			<optional-name>PCY_UserDefaultEJB</optional-name>
		</session>
		<session>
			<ejb-name>PCY_EnqueteEJB</ejb-name>
			<resource-ref>
				<res-ref-name>jdbc/HCDB</res-ref-name>
				<linked-to>HCDB</linked-to>
			</resource-ref>
			<optional-name>PCY_EnqueteEJB</optional-name>
		</session>
		<session>
			<ejb-name>PCY_SoshikinaiJukouJyokyoEJB</ejb-name>
			<resource-ref>
				<res-ref-name>jdbc/HCDB</res-ref-name>
				<linked-to>HCDB</linked-to>
			</resource-ref>
			<optional-name>PCY_SoshikinaiJukouJyokyoEJB</optional-name>
		</session>
	</ejb-jar>
	<ejb-jar>
		<module-name>personalEJB.jar</module-name>
		<session>
			<ejb-name>SearchEmpEJB</ejb-name>
			<resource-ref>
				<res-ref-name>jdbc/HCDB</res-ref-name>
				<linked-to>HCDB</linked-to>
			</resource-ref>
			<optional-name>SearchEmpEJB</optional-name>
		</session>
		<session>
			<ejb-name>EditPersonalEJB</ejb-name>
			<resource-ref>
				<res-ref-name>jdbc/HCDB</res-ref-name>
				<linked-to>HCDB</linked-to>
			</resource-ref>
			<optional-name>EditPersonalEJB</optional-name>
		</session>
		<session>
			<ejb-name>SkillEJB</ejb-name>
			<resource-ref>
				<res-ref-name>jdbc/HCDB</res-ref-name>
				<linked-to>HCDB</linked-to>
			</resource-ref>
			<optional-name>SkillEJB</optional-name>
		</session>
		<session>
			<ejb-name>SkillElementEJB</ejb-name>
			<resource-ref>
				<res-ref-name>jdbc/HCDB</res-ref-name>
				<linked-to>HCDB</linked-to>
			</resource-ref>
			<optional-name>SkillElementEJB</optional-name>
		</session>
		<session>
			<ejb-name>RonbunEJB</ejb-name>
			<resource-ref>
				<res-ref-name>jdbc/HCDB</res-ref-name>
				<linked-to>HCDB</linked-to>
			</resource-ref>
			<optional-name>RonbunEJB</optional-name>
		</session>
		<session>
			<ejb-name>SyokumuEJB</ejb-name>
			<resource-ref>
				<res-ref-name>jdbc/HCDB</res-ref-name>
				<linked-to>HCDB</linked-to>
			</resource-ref>
			<optional-name>SyokumuEJB</optional-name>
		</session>
		<session>
			<ejb-name>HyosyorekiEJB</ejb-name>
			<resource-ref>
				<res-ref-name>jdbc/HCDB</res-ref-name>
				<linked-to>HCDB</linked-to>
			</resource-ref>
			<optional-name>HyosyorekiEJB</optional-name>
		</session>
		<session>
			<ejb-name>SikakuEJB</ejb-name>
			<resource-ref>
				<res-ref-name>jdbc/HCDB</res-ref-name>
				<linked-to>HCDB</linked-to>
			</resource-ref>
			<optional-name>SikakuEJB</optional-name>
		</session>
		<session>
			<ejb-name>KyoikuEJB</ejb-name>
			<resource-ref>
				<res-ref-name>jdbc/HCDB</res-ref-name>
				<linked-to>HCDB</linked-to>
			</resource-ref>
			<optional-name>KyoikuEJB</optional-name>
		</session>
		<session>
			<ejb-name>SearchKojinEJB</ejb-name>
			<resource-ref>
				<res-ref-name>jdbc/HCDB</res-ref-name>
				<linked-to>HCDB</linked-to>
			</resource-ref>
			<optional-name>SearchKojinEJB</optional-name>
		</session>
		<session>
			<ejb-name>KimituHogoEJB</ejb-name>
			<resource-ref>
				<res-ref-name>jdbc/HCDB</res-ref-name>
				<linked-to>HCDB</linked-to>
			</resource-ref>
			<optional-name>KimituHogoEJB</optional-name>
		</session>
		<session>
			<ejb-name>JiyuKensakuEJB</ejb-name>
			<resource-ref>
				<res-ref-name>jdbc/HCDB</res-ref-name>
				<linked-to>HCDB</linked-to>
			</resource-ref>
			<optional-name>JiyuKensakuEJB</optional-name>
		</session>
		<session>
			<ejb-name>SyagaiEJB</ejb-name>
			<resource-ref>
				<res-ref-name>jdbc/HCDB</res-ref-name>
				<linked-to>HCDB</linked-to>
			</resource-ref>
			<optional-name>SyagaiEJB</optional-name>
		</session>
		<session>
			<ejb-name>OsiraseEJB</ejb-name>
			<resource-ref>
				<res-ref-name>jdbc/HCDB</res-ref-name>
				<linked-to>HCDB</linked-to>
			</resource-ref>
			<optional-name>OsiraseEJB</optional-name>
		</session>
		<session>
			<ejb-name>CareerDesignEJB</ejb-name>
			<resource-ref>
				<res-ref-name>jdbc/HCDB</res-ref-name>
				<linked-to>HCDB</linked-to>
			</resource-ref>
			<optional-name>CareerDesignEJB</optional-name>
		</session>
		<session>
			<ejb-name>AccesslogEJB</ejb-name>
			<resource-ref>
				<res-ref-name>jdbc/HCDB</res-ref-name>
				<linked-to>HCDB</linked-to>
			</resource-ref>
			<optional-name>AccesslogEJB</optional-name>
		</session>
	</ejb-jar>
	<ejb-jar>
		<module-name>planEJB.jar</module-name>
		<session>
			<ejb-name>PBC_DownloadNaviEJB</ejb-name>
			<resource-ref>
				<res-ref-name>jdbc/HCDB</res-ref-name>
				<linked-to>HCDB</linked-to>
			</resource-ref>
			<optional-name>PBC_DownloadNaviEJB</optional-name>
		</session>
		<session>
			<ejb-name>PBC_DownloadTeigiSekininsyaEJB</ejb-name>
			<resource-ref>
				<res-ref-name>jdbc/HCDB</res-ref-name>
				<linked-to>HCDB</linked-to>
			</resource-ref>
			<optional-name>PBC_DownloadTeigiSekininsyaEJB</optional-name>
		</session>
		<session>
			<ejb-name>PBY_SkillStandardEJB</ejb-name>
			<resource-ref>
				<res-ref-name>jdbc/HCDB</res-ref-name>
				<linked-to>HCDB</linked-to>
			</resource-ref>
			<optional-name>PBY_SkillStandardEJB</optional-name>
		</session>
		<session>
			<ejb-name>PBY_SkillSetumeiEJB</ejb-name>
			<resource-ref>
				<res-ref-name>jdbc/HCDB</res-ref-name>
				<linked-to>HCDB</linked-to>
			</resource-ref>
			<optional-name>PBY_SkillSetumeiEJB</optional-name>
		</session>
		<session>
			<ejb-name>PBY_AccessLogEJB</ejb-name>
			<resource-ref>
				<res-ref-name>jdbc/HCDB</res-ref-name>
				<linked-to>HCDB</linked-to>
			</resource-ref>
			<optional-name>PBY_AccessLogEJB</optional-name>
		</session>
		<session>
			<ejb-name>PBA_AssessmentEJB</ejb-name>
			<resource-ref>
				<res-ref-name>jdbc/HCDB</res-ref-name>
				<linked-to>HCDB</linked-to>
			</resource-ref>
			<optional-name>PBA_AssessmentEJB</optional-name>
		</session>
		<session>
			<ejb-name>PBA_HyokaTaisyosyaEJB</ejb-name>
			<resource-ref>
				<res-ref-name>jdbc/HCDB</res-ref-name>
				<linked-to>HCDB</linked-to>
			</resource-ref>
			<optional-name>PBA_HyokaTaisyosyaEJB</optional-name>
		</session>
		<session>
			<ejb-name>PBA_SearchPersonEJB</ejb-name>
			<resource-ref>
				<res-ref-name>jdbc/HCDB</res-ref-name>
				<linked-to>HCDB</linked-to>
			</resource-ref>
			<optional-name>PBA_SearchPersonEJB</optional-name>
		</session>
		<session>
			<ejb-name>PBB_ChallengeEJB</ejb-name>
			<resource-ref>
				<res-ref-name>jdbc/HCDB</res-ref-name>
				<linked-to>HCDB</linked-to>
			</resource-ref>
			<optional-name>PBB_ChallengeEJB</optional-name>
		</session>
		<session>
			<ejb-name>PBC_NavigationEJB</ejb-name>
			<resource-ref>
				<res-ref-name>jdbc/HCDB</res-ref-name>
				<linked-to>HCDB</linked-to>
			</resource-ref>
			<optional-name>PBC_NavigationEJB</optional-name>
		</session>
		<session>
			<ejb-name>PBA_MapEJB</ejb-name>
			<resource-ref>
				<res-ref-name>jdbc/HCDB</res-ref-name>
				<linked-to>HCDB</linked-to>
			</resource-ref>
			<optional-name>PBA_MapEJB</optional-name>
		</session>
		<session>
			<ejb-name>PBX_LevelEJB</ejb-name>
			<resource-ref>
				<res-ref-name>jdbc/HCDB</res-ref-name>
				<linked-to>HCDB</linked-to>
			</resource-ref>
			<optional-name>PBX_LevelEJB</optional-name>
		</session>
		<session>
			<ejb-name>PBX_TasseidoSihyoEJB</ejb-name>
			<resource-ref>
				<res-ref-name>jdbc/HCDB</res-ref-name>
				<linked-to>HCDB</linked-to>
			</resource-ref>
			<optional-name>PBX_TasseidoSihyoEJB</optional-name>
		</session>
		<session>
			<ejb-name>PBX_SkillJukutatudoEJB</ejb-name>
			<resource-ref>
				<res-ref-name>jdbc/HCDB</res-ref-name>
				<linked-to>HCDB</linked-to>
			</resource-ref>
			<optional-name>PBX_SkillJukutatudoEJB</optional-name>
		</session>
		<session>
			<ejb-name>PBX_CareerMainteEJB</ejb-name>
			<resource-ref>
				<res-ref-name>jdbc/HCDB</res-ref-name>
				<linked-to>HCDB</linked-to>
			</resource-ref>
			<optional-name>PBX_CareerMainteEJB</optional-name>
		</session>
		<session>
			<ejb-name>PBE_SearchChallengeEJB</ejb-name>
			<resource-ref>
				<res-ref-name>jdbc/HCDB</res-ref-name>
				<linked-to>HCDB</linked-to>
			</resource-ref>
			<optional-name>PBE_SearchChallengeEJB</optional-name>
		</session>
		<session>
			<ejb-name>PBE_SearchMoralEJB</ejb-name>
			<resource-ref>
				<res-ref-name>jdbc/HCDB</res-ref-name>
				<linked-to>HCDB</linked-to>
			</resource-ref>
			<optional-name>PBE_SearchMoralEJB</optional-name>
		</session>
		<session>
			<ejb-name>PBE_ZensyaJokyoEJB</ejb-name>
			<resource-ref>
				<res-ref-name>jdbc/HCDB</res-ref-name>
				<linked-to>HCDB</linked-to>
			</resource-ref>
			<optional-name>PBE_ZensyaJokyoEJB</optional-name>
		</session>
		<session>
			<ejb-name>PBY_DisplayFilterEJB</ejb-name>
			<resource-ref>
				<res-ref-name>jdbc/HCDB</res-ref-name>
				<linked-to>HCDB</linked-to>
			</resource-ref>
			<optional-name>PBY_DisplayFilterEJB</optional-name>
		</session>
		<session>
			<ejb-name>PBY_KikanEJB</ejb-name>
			<resource-ref>
				<res-ref-name>jdbc/HCDB</res-ref-name>
				<linked-to>HCDB</linked-to>
			</resource-ref>
			<optional-name>PBY_KikanEJB</optional-name>
		</session>
		<session>
			<ejb-name>PBA_AssessTotalEJB</ejb-name>
			<resource-ref>
				<res-ref-name>jdbc/HCDB</res-ref-name>
				<linked-to>HCDB</linked-to>
			</resource-ref>
			<optional-name>PBA_AssessTotalEJB</optional-name>
		</session>
		<session>
			<ejb-name>PBY_PersonalEJB</ejb-name>
			<resource-ref>
				<res-ref-name>jdbc/HCDB</res-ref-name>
				<linked-to>HCDB</linked-to>
			</resource-ref>
			<optional-name>PBY_PersonalEJB</optional-name>
		</session>
		<session>
			<ejb-name>PBY_TourokuSekininsyaEJB</ejb-name>
			<resource-ref>
				<res-ref-name>jdbc/HCDB</res-ref-name>
				<linked-to>HCDB</linked-to>
			</resource-ref>
			<optional-name>PBY_TourokuSekininsyaEJB</optional-name>
		</session>
	</ejb-jar>
</cosminexus-app>
