<?xml version="1.0" encoding="UTF-8"?>
<!DOCTYPE sun-ejb-jar PUBLIC "-//Sun Microsystems, Inc.//DTD Application Server 9.0 EJB 3.0//EN"
"http://www.sun.com/software/appserver/dtds/sun-ejb-jar_3_0-0.dtd">
<sun-ejb-jar>
  <enterprise-beans>
    <ejb>
      <ejb-name>OsiraseEJB</ejb-name>
      <jndi-name>OsiraseEJB</jndi-name>
      <resource-ref>
        <res-ref-name>jdbc/HCDB</res-ref-name>
        <jndi-name>jdbc/HCDB</jndi-name>
      </resource-ref>
    </ejb>
  </enterprise-beans>
</sun-ejb-jar>
