<?xml version="1.0" encoding="Shift_JIS"?>
<!DOCTYPE application PUBLIC '-//Sun Microsystems, Inc.//DTD J2EE Application 1.2//EN' 'http://java.sun.com/j2ee/dtds/application_1_2.dtd'>

<application>
  <display-name>career</display-name>
  <module>
    <web>
      <web-uri>career.war</web-uri>
      <context-root>/career</context-root>
    </web>
  </module>
  <module>
    <ejb>career-util.jar</ejb>
  </module>
<!--
  <module>
      <ejb>personalEJB.jar</ejb>
  </module>
  <module>
      <ejb>planEJB.jar</ejb>
  </module>
  <module>
      <ejb>learningEJB.jar</ejb>
  </module>
  <module>
      <ejb>departmentEJB.jar</ejb>
  </module>
  <module>
      <ejb>baseEJB.jar</ejb>
  </module>
  <module>
      <ejb>batchEJB.jar</ejb>
  </module>
  <module>
      <ejb>performanceEJB.jar</ejb>
  </module>	
  <module>
      <ejb>analysisEJB.jar</ejb>
  </module>	
-->
</application>

