<?xml version="1.0" encoding="MS932"?>

<!DOCTYPE ejb-jar PUBLIC "-//Sun Microsystems, Inc.//DTD Enterprise JavaBeans 1.1//EN" "http://java.sun.com/j2ee/dtds/ejb-jar_1_1.dtd">

<ejb-jar>
    <display-name>performanceEJB</display-name>
    <enterprise-beans>
        <session>
            <display-name>PED_StoredProcedureUtilityEJB</display-name>
            <ejb-name>PED_StoredProcedureUtilityEJB</ejb-name>
            <home>jp.co.hisas.career.performance.util.ejb.PED_StoredProcedureUtilityEJBHome</home>
            <remote>jp.co.hisas.career.performance.util.ejb.PED_StoredProcedureUtilityEJB</remote>
            <ejb-class>jp.co.hisas.career.performance.util.ejb.PED_StoredProcedureUtilityEJBBean</ejb-class>
            <session-type>Stateless</session-type>
            <transaction-type>Container</transaction-type>
            <resource-ref>
                <res-ref-name>jdbc/HCDB</res-ref-name>
                <res-type>javax.sql.DataSource</res-type>
                <res-auth>Container</res-auth>
            </resource-ref>
        </session>
        <session>
            <display-name>PED_TotalizePerformanceReportEJB</display-name>
            <ejb-name>PED_TotalizePerformanceReportEJB</ejb-name>
            <home>jp.co.hisas.career.performance.report.ejb.PED_TotalizePerformanceReportEJBHome</home>
            <remote>jp.co.hisas.career.performance.report.ejb.PED_TotalizePerformanceReportEJB</remote>
            <ejb-class>jp.co.hisas.career.performance.report.ejb.PED_TotalizePerformanceReportEJBBean</ejb-class>
            <session-type>Stateless</session-type>
            <transaction-type>Container</transaction-type>
            <resource-ref>
                <res-ref-name>jdbc/HCDB</res-ref-name>
                <res-type>javax.sql.DataSource</res-type>
                <res-auth>Container</res-auth>
            </resource-ref>
        </session>
        <session>
            <display-name>PED_QuestionnaireAnkenKanriEJB</display-name>
            <ejb-name>PED_QuestionnaireAnkenKanriEJB</ejb-name>
            <home>jp.co.hisas.career.performance.maintenance.ejb.PED_QuestionnaireAnkenKanriEJBHome</home>
            <remote>jp.co.hisas.career.performance.maintenance.ejb.PED_QuestionnaireAnkenKanriEJB</remote>
            <ejb-class>jp.co.hisas.career.performance.maintenance.ejb.PED_QuestionnaireAnkenKanriEJBBean</ejb-class>
            <session-type>Stateless</session-type>
            <transaction-type>Container</transaction-type>
            <resource-ref>
                <res-ref-name>jdbc/HCDB</res-ref-name>
                <res-type>javax.sql.DataSource</res-type>
                <res-auth>Container</res-auth>
            </resource-ref>
        </session>
<!-- ADD 2006/07/06_SHIMURA START -->
        <session>
            <display-name>PED_QuestionnaireAnswerEJB</display-name>
            <ejb-name>PED_QuestionnaireAnswerEJB</ejb-name>
            <home>jp.co.hisas.career.performance.answer.ejb.PED_QuestionnaireAnswerEJBHome</home>
            <remote>jp.co.hisas.career.performance.answer.ejb.PED_QuestionnaireAnswerEJB</remote>
            <ejb-class>jp.co.hisas.career.performance.answer.ejb.PED_QuestionnaireAnswerEJBBean</ejb-class>
            <session-type>Stateless</session-type>
            <transaction-type>Container</transaction-type>
            <resource-ref>
                <res-ref-name>jdbc/HCDB</res-ref-name>
                <res-type>javax.sql.DataSource</res-type>
                <res-auth>Container</res-auth>
            </resource-ref>
        </session>
<!-- ADD 2006/07/06_SHIMURA END -->
<!-- ADD 2006/07/15_TORIGOE START -->
        <session>
            <display-name>PED_AnkenTorokuKoshinEJB</display-name>
            <ejb-name>PED_AnkenTorokuKoshinEJB</ejb-name>
            <home>jp.co.hisas.career.performance.maintenance.ejb.PED_AnkenTorokuKoshinEJBHome</home>
            <remote>jp.co.hisas.career.performance.maintenance.ejb.PED_AnkenTorokuKoshinEJB</remote>
            <ejb-class>jp.co.hisas.career.performance.maintenance.ejb.PED_AnkenTorokuKoshinEJBBean</ejb-class>
            <session-type>Stateless</session-type>
            <transaction-type>Container</transaction-type>
            <resource-ref>
                <res-ref-name>jdbc/HCDB</res-ref-name>
                <res-type>javax.sql.DataSource</res-type>
                <res-auth>Container</res-auth>
            </resource-ref>
        </session>
<!-- ADD 2006/07/15_TORIGOE END -->
<!-- ADD 2006/07/16 ISHITSUKA START--> 
        <session>
            <display-name>PED_SousinTaisyoSetteiEJB</display-name>
            <ejb-name>PED_SousinTaisyoSetteiEJB</ejb-name>
            <home>jp.co.hisas.career.performance.maintenance.ejb.PED_SousinTaisyoSetteiEJBHome</home>
            <remote>jp.co.hisas.career.performance.maintenance.ejb.PED_SousinTaisyoSetteiEJB</remote>
            <ejb-class>jp.co.hisas.career.performance.maintenance.ejb.PED_SousinTaisyoSetteiEJBBean</ejb-class>
            <session-type>Stateless</session-type>
            <transaction-type>Container</transaction-type>
            <resource-ref>
                <res-ref-name>jdbc/HCDB</res-ref-name>
                <res-type>javax.sql.DataSource</res-type>
                <res-auth>Container</res-auth>
            </resource-ref>
        </session>
<!-- ADD 2006/07/16 ISHITSUKA END --> 
<!-- ADD 2006/07/20 TORIGOE START--> 
        <session>
            <display-name>PEX_EnqueteMaintenanceKengenEJB</display-name>
            <ejb-name>PEX_EnqueteMaintenanceKengenEJB</ejb-name>
            <home>jp.co.hisas.career.performance.maintenance.ejb.PEX_EnqueteMaintenanceKengenEJBHome</home>
            <remote>jp.co.hisas.career.performance.maintenance.ejb.PEX_EnqueteMaintenanceKengenEJB</remote>
            <ejb-class>jp.co.hisas.career.performance.maintenance.ejb.PEX_EnqueteMaintenanceKengenEJBBean</ejb-class>
            <session-type>Stateless</session-type>
            <transaction-type>Container</transaction-type>
            <resource-ref>
                <res-ref-name>jdbc/HCDB</res-ref-name>
                <res-type>javax.sql.DataSource</res-type>
                <res-auth>Container</res-auth>
            </resource-ref>
        </session>
<!-- ADD 2006/07/20 TORIGOE END --> 
<!-- ADD 2006/07/23 ISHITSUKA START--> 
        <session>
            <display-name>PED_SoushinKakuninEJB</display-name>
            <ejb-name>PED_SoushinKakuninEJB</ejb-name>
            <home>jp.co.hisas.career.performance.maintenance.ejb.PED_SoushinKakuninEJBHome</home>
            <remote>jp.co.hisas.career.performance.maintenance.ejb.PED_SoushinKakuninEJB</remote>
            <ejb-class>jp.co.hisas.career.performance.maintenance.ejb.PED_SoushinKakuninEJBBean</ejb-class>
            <session-type>Stateless</session-type>
            <transaction-type>Container</transaction-type>
            <resource-ref>
                <res-ref-name>jdbc/HCDB</res-ref-name>
                <res-type>javax.sql.DataSource</res-type>
                <res-auth>Container</res-auth>
            </resource-ref>
        </session>
<!-- ADD 2006/07/23 ISHITSUKA END -->
        <session>
            <display-name>PED130_TaishoushaSetteiEJB</display-name>
            <ejb-name>PED130_TaishoushaSetteiEJB</ejb-name>
            <home>jp.co.hisas.career.performance.maintenance.ejb.PED130_TaishoushaSetteiEJBHome</home>
            <remote>jp.co.hisas.career.performance.maintenance.ejb.PED130_TaishoushaSetteiEJB</remote>
            <ejb-class>jp.co.hisas.career.performance.maintenance.ejb.PED130_TaishoushaSetteiEJBBean</ejb-class>
            <session-type>Stateless</session-type>
            <transaction-type>Container</transaction-type>
            <resource-ref>
                <res-ref-name>jdbc/HCDB</res-ref-name>
                <res-type>javax.sql.DataSource</res-type>
                <res-auth>Container</res-auth>
            </resource-ref>
        </session>

        <session>
            <display-name>PED_PerformanceReportEJB</display-name>
            <ejb-name>PED_PerformanceReportEJB</ejb-name>
            <home>jp.co.hisas.career.performance.report.ejb.PED_PerformanceReportEJBHome</home>
            <remote>jp.co.hisas.career.performance.report.ejb.PED_PerformanceReportEJB</remote>
            <ejb-class>jp.co.hisas.career.performance.report.ejb.PED_PerformanceReportEJBBean</ejb-class>
            <session-type>Stateless</session-type>
            <transaction-type>Container</transaction-type>
            <resource-ref>
                <res-ref-name>jdbc/HCDB</res-ref-name>
                <res-type>javax.sql.DataSource</res-type>
                <res-auth>Container</res-auth>
            </resource-ref>
        </session>
    </enterprise-beans>
    
    <assembly-descriptor>
        <container-transaction>
    		<method>
    			<ejb-name>PED_StoredProcedureUtilityEJB</ejb-name>
    		<method-name>*</method-name>
    		</method>
    		<trans-attribute>Required</trans-attribute>
    	</container-transaction>
        <container-transaction>
    		<method>
    			<ejb-name>PED_TotalizePerformanceReportEJB</ejb-name>
    		<method-name>*</method-name>
    		</method>
    		<trans-attribute>Required</trans-attribute>
    	</container-transaction>
        <container-transaction>
    		<method>
    			<ejb-name>PED_QuestionnaireAnkenKanriEJB</ejb-name>
    		<method-name>*</method-name>
    		</method>
    		<trans-attribute>Required</trans-attribute>
    	</container-transaction>
<!-- ADD 2006/07/06_SHIMURA START -->
        <container-transaction>
    		<method>
    			<ejb-name>PED_QuestionnaireAnswerEJB</ejb-name>
    		<method-name>*</method-name>
    		</method>
    		<trans-attribute>Required</trans-attribute>
    	</container-transaction>
<!-- ADD 2006/07/06_SHIMURA END --> 
<!-- ADD 2006/07/15_TORIGOE START -->
        <container-transaction>
    		<method>
    			<ejb-name>PED_AnkenTorokuKoshinEJB</ejb-name>
    		<method-name>*</method-name>
    		</method>
    		<trans-attribute>Required</trans-attribute>
    	</container-transaction>
<!-- ADD 2006/07/15_TORIGOE END -->
<!-- ADD 2006/07/16 ISHITSUKA START--> 
         <container-transaction>
    		<method>
    			<ejb-name>PED_SousinTaisyoSetteiEJB</ejb-name>
    		<method-name>*</method-name>
    		</method>
    		<trans-attribute>Required</trans-attribute>
    	</container-transaction>
<!-- ADD 2006/07/16 ISHITSUKA END --> 
<!-- ADD 2006/07/20 TORIGOE START--> 
         <container-transaction>
    		<method>
    			<ejb-name>PEX_EnqueteMaintenanceKengenEJB</ejb-name>
    		<method-name>*</method-name>
    		</method>
    		<trans-attribute>Required</trans-attribute>
    	</container-transaction>
<!-- ADD 2006/07/20 TORIGOE END --> 
<!-- ADD 2006/07/16 ISHITSUKA START--> 
         <container-transaction>
    		<method>
    			<ejb-name>PED_SoushinKakuninEJB</ejb-name>
    		<method-name>*</method-name>
    		</method>
    		<trans-attribute>Required</trans-attribute>
    	</container-transaction>
<!-- ADD 2006/07/16 ISHITSUKA END -->
		<container-transaction>
    		<method>
    			<ejb-name>PED130_TaishoushaSetteiEJB</ejb-name>
    		<method-name>*</method-name>
    		</method>
    		<trans-attribute>Required</trans-attribute>
		</container-transaction>
         <container-transaction>
    		<method>
    			<ejb-name>PED_PerformanceReportEJB</ejb-name>
    		<method-name>*</method-name>
    		</method>
    		<trans-attribute>Required</trans-attribute>
    	</container-transaction>
    </assembly-descriptor>
</ejb-jar>
