<?xml version="1.0" encoding="MS932"?>

<!DOCTYPE ejb-jar PUBLIC "-//Sun Microsystems, Inc.//DTD Enterprise JavaBeans 1.1//EN" "http://java.sun.com/j2ee/dtds/ejb-jar_1_1.dtd">

<ejb-jar>
    <display-name>planEJB</display-name>
    <enterprise-beans>
        <session>
            <display-name>PBC_DownloadNaviEJB</display-name>
            <ejb-name>PBC_DownloadNaviEJB</ejb-name>
            <home>jp.co.hisas.career.plan.careernavi.ejb.PBC_DownloadNaviEJBHome</home>
            <remote>jp.co.hisas.career.plan.careernavi.ejb.PBC_DownloadNaviEJB</remote>
            <ejb-class>jp.co.hisas.career.plan.careernavi.ejb.PBC_DownloadNaviEJBBean</ejb-class>
            <session-type>Stateless</session-type>
            <transaction-type>Container</transaction-type>
            <resource-ref>
                <res-ref-name>jdbc/HCDB</res-ref-name>
                <res-type>javax.sql.DataSource</res-type>
                <res-auth>Container</res-auth>
            </resource-ref>
        </session>
        <session>
            <display-name>PBC_DownloadTeigiSekininsyaEJB</display-name>
            <ejb-name>PBC_DownloadTeigiSekininsyaEJB</ejb-name>
            <home>jp.co.hisas.career.plan.careernavi.ejb.PBC_DownloadTeigiSekininsyaEJBHome</home>
            <remote>jp.co.hisas.career.plan.careernavi.ejb.PBC_DownloadTeigiSekininsyaEJB</remote>
            <ejb-class>jp.co.hisas.career.plan.careernavi.ejb.PBC_DownloadTeigiSekininsyaEJBBean</ejb-class>
            <session-type>Stateless</session-type>
            <transaction-type>Container</transaction-type>
            <resource-ref>
                <res-ref-name>jdbc/HCDB</res-ref-name>
                <res-type>javax.sql.DataSource</res-type>
                <res-auth>Container</res-auth>
            </resource-ref>
        </session>
        <session>
            <display-name>PBY_SkillStandardEJB</display-name>
            <ejb-name>PBY_SkillStandardEJB</ejb-name>
            <home>jp.co.hisas.career.plan.base.ejb.PBY_SkillStandardEJBHome</home>
            <remote>jp.co.hisas.career.plan.base.ejb.PBY_SkillStandardEJB</remote>
            <ejb-class>jp.co.hisas.career.plan.base.ejb.PBY_SkillStandardEJBBean</ejb-class>
            <session-type>Stateless</session-type>
            <transaction-type>Container</transaction-type>
            <resource-ref>
                <res-ref-name>jdbc/HCDB</res-ref-name>
                <res-type>javax.sql.DataSource</res-type>
                <res-auth>Container</res-auth>
            </resource-ref>
        </session>
        <session>
            <display-name>PBY_SkillSetumeiEJB</display-name>
            <ejb-name>PBY_SkillSetumeiEJB</ejb-name>
            <home>jp.co.hisas.career.plan.base.ejb.PBY_SkillSetumeiEJBHome</home>
            <remote>jp.co.hisas.career.plan.base.ejb.PBY_SkillSetumeiEJB</remote>
            <ejb-class>jp.co.hisas.career.plan.base.ejb.PBY_SkillSetumeiEJBBean</ejb-class>
            <session-type>Stateless</session-type>
            <transaction-type>Container</transaction-type>
            <resource-ref>
                <res-ref-name>jdbc/HCDB</res-ref-name>
                <res-type>javax.sql.DataSource</res-type>
                <res-auth>Container</res-auth>
            </resource-ref>
        </session>
        <session>
            <display-name>PBY_AccessLogEJB</display-name>
            <ejb-name>PBY_AccessLogEJB</ejb-name>
            <home>jp.co.hisas.career.plan.base.ejb.PBY_AccessLogEJBHome</home>
            <remote>jp.co.hisas.career.plan.base.ejb.PBY_AccessLogEJB</remote>
            <ejb-class>jp.co.hisas.career.plan.base.ejb.PBY_AccessLogEJBBean</ejb-class>
            <session-type>Stateless</session-type>
            <transaction-type>Container</transaction-type>
            <resource-ref>
                <res-ref-name>jdbc/HCDB</res-ref-name>
                <res-type>javax.sql.DataSource</res-type>
                <res-auth>Container</res-auth>
            </resource-ref>
        </session>
        <session>
            <display-name>PBA_AssessmentEJB</display-name>
            <ejb-name>PBA_AssessmentEJB</ejb-name>
            <home>jp.co.hisas.career.plan.assessment.ejb.PBA_AssessmentEJBHome</home>
            <remote>jp.co.hisas.career.plan.assessment.ejb.PBA_AssessmentEJB</remote>
            <ejb-class>jp.co.hisas.career.plan.assessment.ejb.PBA_AssessmentEJBBean</ejb-class>
            <session-type>Stateless</session-type>
            <transaction-type>Container</transaction-type>
            <resource-ref>
                <res-ref-name>jdbc/HCDB</res-ref-name>
                <res-type>javax.sql.DataSource</res-type>
                <res-auth>Container</res-auth>
            </resource-ref>
        </session>
        <session>
            <display-name>PBA_HyokaTaisyosyaEJB</display-name>
            <ejb-name>PBA_HyokaTaisyosyaEJB</ejb-name>
            <home>jp.co.hisas.career.plan.assessment.ejb.PBA_HyokaTaisyosyaEJBHome</home>
            <remote>jp.co.hisas.career.plan.assessment.ejb.PBA_HyokaTaisyosyaEJB</remote>
            <ejb-class>jp.co.hisas.career.plan.assessment.ejb.PBA_HyokaTaisyosyaEJBBean</ejb-class>
            <session-type>Stateless</session-type>
            <transaction-type>Container</transaction-type>
            <resource-ref>
                <res-ref-name>jdbc/HCDB</res-ref-name>
                <res-type>javax.sql.DataSource</res-type>
                <res-auth>Container</res-auth>
            </resource-ref>
        </session>
        <session>
            <display-name>PBA_SearchPersonEJB</display-name>
            <ejb-name>PBA_SearchPersonEJB</ejb-name>
            <home>jp.co.hisas.career.plan.assessment.ejb.PBA_SearchPersonEJBHome</home>
            <remote>jp.co.hisas.career.plan.assessment.ejb.PBA_SearchPersonEJB</remote>
            <ejb-class>jp.co.hisas.career.plan.assessment.ejb.PBA_SearchPersonEJBBean</ejb-class>
            <session-type>Stateless</session-type>
            <transaction-type>Container</transaction-type>
            <resource-ref>
                <res-ref-name>jdbc/HCDB</res-ref-name>
                <res-type>javax.sql.DataSource</res-type>
                <res-auth>Container</res-auth>
            </resource-ref>
        </session>
        <session>
            <display-name>PBB_ChallengeEJB</display-name>
            <ejb-name>PBB_ChallengeEJB</ejb-name>
            <home>jp.co.hisas.career.plan.careerchallenge.ejb.PBB_ChallengeEJBHome</home>
            <remote>jp.co.hisas.career.plan.careerchallenge.ejb.PBB_ChallengeEJB</remote>
            <ejb-class>jp.co.hisas.career.plan.careerchallenge.ejb.PBB_ChallengeEJBBean</ejb-class>
            <session-type>Stateless</session-type>
            <transaction-type>Container</transaction-type>
            <resource-ref>
                <res-ref-name>jdbc/HCDB</res-ref-name>
                <res-type>javax.sql.DataSource</res-type>
                <res-auth>Container</res-auth>
            </resource-ref>
        </session>
        <session>
            <display-name>PBC_NavigationEJB</display-name>
            <ejb-name>PBC_NavigationEJB</ejb-name>
            <home>jp.co.hisas.career.plan.careernavi.ejb.PBC_NavigationEJBHome</home>
            <remote>jp.co.hisas.career.plan.careernavi.ejb.PBC_NavigationEJB</remote>
            <ejb-class>jp.co.hisas.career.plan.careernavi.ejb.PBC_NavigationEJBBean</ejb-class>
            <session-type>Stateless</session-type>
            <transaction-type>Container</transaction-type>
            <resource-ref>
                <res-ref-name>jdbc/HCDB</res-ref-name>
                <res-type>javax.sql.DataSource</res-type>
                <res-auth>Container</res-auth>
            </resource-ref>
        </session>
        <session>
            <display-name>PBA_MapEJB</display-name>
            <ejb-name>PBA_MapEJB</ejb-name>
            <home>jp.co.hisas.career.plan.assessment.ejb.PBA_MapEJBHome</home>
            <remote>jp.co.hisas.career.plan.assessment.ejb.PBA_MapEJB</remote>
            <ejb-class>jp.co.hisas.career.plan.assessment.ejb.PBA_MapEJBBean</ejb-class>
            <session-type>Stateless</session-type>
            <transaction-type>Container</transaction-type>
            <resource-ref>
                <res-ref-name>jdbc/HCDB</res-ref-name>
                <res-type>javax.sql.DataSource</res-type>
                <res-auth>Container</res-auth>
            </resource-ref>
        </session>
        <session>
            <display-name>PBX_LevelEJB</display-name>
            <ejb-name>PBX_LevelEJB</ejb-name>
            <home>jp.co.hisas.career.plan.maintenance.ejb.PBX_LevelEJBHome</home>
            <remote>jp.co.hisas.career.plan.maintenance.ejb.PBX_LevelEJB</remote>
            <ejb-class>jp.co.hisas.career.plan.maintenance.ejb.PBX_LevelEJBBean</ejb-class>
            <session-type>Stateless</session-type>
            <transaction-type>Container</transaction-type>
            <resource-ref>
                <res-ref-name>jdbc/HCDB</res-ref-name>
                <res-type>javax.sql.DataSource</res-type>
                <res-auth>Container</res-auth>
            </resource-ref>
        </session>
        <session>
            <display-name>PBX_TasseidoSihyoEJB</display-name>
            <ejb-name>PBX_TasseidoSihyoEJB</ejb-name>
            <home>jp.co.hisas.career.plan.maintenance.ejb.PBX_TasseidoSihyoEJBHome</home>
            <remote>jp.co.hisas.career.plan.maintenance.ejb.PBX_TasseidoSihyoEJB</remote>
            <ejb-class>jp.co.hisas.career.plan.maintenance.ejb.PBX_TasseidoSihyoEJBBean</ejb-class>
            <session-type>Stateless</session-type>
            <transaction-type>Container</transaction-type>
            <resource-ref>
                <res-ref-name>jdbc/HCDB</res-ref-name>
                <res-type>javax.sql.DataSource</res-type>
                <res-auth>Container</res-auth>
            </resource-ref>
        </session>
        <session>
            <display-name>PBX_SkillJukutatudoEJB</display-name>
            <ejb-name>PBX_SkillJukutatudoEJB</ejb-name>
            <home>jp.co.hisas.career.plan.maintenance.ejb.PBX_SkillJukutatudoEJBHome</home>
            <remote>jp.co.hisas.career.plan.maintenance.ejb.PBX_SkillJukutatudoEJB</remote>
            <ejb-class>jp.co.hisas.career.plan.maintenance.ejb.PBX_SkillJukutatudoEJBBean</ejb-class>
            <session-type>Stateless</session-type>
            <transaction-type>Container</transaction-type>
            <resource-ref>
                <res-ref-name>jdbc/HCDB</res-ref-name>
                <res-type>javax.sql.DataSource</res-type>
                <res-auth>Container</res-auth>
            </resource-ref>
        </session>
        <session>
            <display-name>PBX_CareerMainteEJB</display-name>
            <ejb-name>PBX_CareerMainteEJB</ejb-name>
            <home>jp.co.hisas.career.plan.maintenance.ejb.PBX_CareerMainteEJBHome</home>
            <remote>jp.co.hisas.career.plan.maintenance.ejb.PBX_CareerMainteEJB</remote>
            <ejb-class>jp.co.hisas.career.plan.maintenance.ejb.PBX_CareerMainteEJBBean</ejb-class>
            <session-type>Stateless</session-type>
            <transaction-type>Container</transaction-type>
            <resource-ref>
                <res-ref-name>jdbc/HCDB</res-ref-name>
                <res-type>javax.sql.DataSource</res-type>
                <res-auth>Container</res-auth>
            </resource-ref>
        </session>
        <session>
            <display-name>PBE_SearchChallengeEJB</display-name>
            <ejb-name>PBE_SearchChallengeEJB</ejb-name>
            <home>jp.co.hisas.career.plan.search.ejb.PBE_SearchChallengeEJBHome</home>
            <remote>jp.co.hisas.career.plan.search.ejb.PBE_SearchChallengeEJB</remote>
            <ejb-class>jp.co.hisas.career.plan.search.ejb.PBE_SearchChallengeEJBBean</ejb-class>
            <session-type>Stateless</session-type>
            <transaction-type>Container</transaction-type>
            <resource-ref>
                <res-ref-name>jdbc/HCDB</res-ref-name>
                <res-type>javax.sql.DataSource</res-type>
                <res-auth>Container</res-auth>
            </resource-ref>
        </session>
        <session>
            <display-name>PBE_SearchMoralEJB</display-name>
            <ejb-name>PBE_SearchMoralEJB</ejb-name>
            <home>jp.co.hisas.career.plan.search.ejb.PBE_SearchMoralEJBHome</home>
            <remote>jp.co.hisas.career.plan.search.ejb.PBE_SearchMoralEJB</remote>
            <ejb-class>jp.co.hisas.career.plan.search.ejb.PBE_SearchMoralEJBBean</ejb-class>
            <session-type>Stateless</session-type>
            <transaction-type>Container</transaction-type>
            <resource-ref>
                <res-ref-name>jdbc/HCDB</res-ref-name>
                <res-type>javax.sql.DataSource</res-type>
                <res-auth>Container</res-auth>
            </resource-ref>
        </session>

        <session>
            <display-name>PBE_ZensyaJokyoEJB</display-name>
            <ejb-name>PBE_ZensyaJokyoEJB</ejb-name>
            <home>jp.co.hisas.career.plan.search.ejb.PBE_ZensyaJokyoEJBHome</home>
            <remote>jp.co.hisas.career.plan.search.ejb.PBE_ZensyaJokyoEJB</remote>
            <ejb-class>jp.co.hisas.career.plan.search.ejb.PBE_ZensyaJokyoEJBBean</ejb-class>
            <session-type>Stateless</session-type>
            <transaction-type>Container</transaction-type>
            <resource-ref>
                <res-ref-name>jdbc/HCDB</res-ref-name>
                <res-type>javax.sql.DataSource</res-type>
                <res-auth>Container</res-auth>
            </resource-ref>
        </session>
        <session >
            <display-name>PBE_DownloadEJB</display-name>
            <ejb-name>PBE_DownloadEJB</ejb-name>
            <home>jp.co.hisas.career.plan.search.ejb.PBE_DownloadEJBHome</home>
            <remote>jp.co.hisas.career.plan.search.ejb.PBE_DownloadEJB</remote>
            <ejb-class>jp.co.hisas.career.plan.search.ejb.PBE_DownloadEJBBean</ejb-class>
            <session-type>Stateless</session-type>
            <transaction-type>Container</transaction-type>
            <resource-ref>
                <res-ref-name>jdbc/HCDB</res-ref-name>
                <res-type>javax.sql.DataSource</res-type>
                <res-auth>Container</res-auth>
            </resource-ref>

        </session>

        <session>
            <display-name>PBY_DisplayFilterEJB</display-name>
            <ejb-name>PBY_DisplayFilterEJB</ejb-name>
            <home>jp.co.hisas.career.plan.base.ejb.PBY_DisplayFilterEJBHome</home>
            <remote>jp.co.hisas.career.plan.base.ejb.PBY_DisplayFilterEJB</remote>
            <ejb-class>jp.co.hisas.career.plan.base.ejb.PBY_DisplayFilterEJBBean</ejb-class>
            <session-type>Stateless</session-type>
            <transaction-type>Container</transaction-type>
            <resource-ref>
                <res-ref-name>jdbc/HCDB</res-ref-name>
                <res-type>javax.sql.DataSource</res-type>
                <res-auth>Container</res-auth>
            </resource-ref>
        </session>

        <session>
            <display-name>PBY_KikanEJB</display-name>
            <ejb-name>PBY_KikanEJB</ejb-name>
            <home>jp.co.hisas.career.plan.base.ejb.PBY_KikanEJBHome</home>
            <remote>jp.co.hisas.career.plan.base.ejb.PBY_KikanEJB</remote>
            <ejb-class>jp.co.hisas.career.plan.base.ejb.PBY_KikanEJBBean</ejb-class>
            <session-type>Stateless</session-type>
            <transaction-type>Container</transaction-type>
            <resource-ref>
                <res-ref-name>jdbc/HCDB</res-ref-name>
                <res-type>javax.sql.DataSource</res-type>
                <res-auth>Container</res-auth>
            </resource-ref>
        </session>
        
        <session>
            <display-name>PBA_AssessTotalEJB</display-name>
            <ejb-name>PBA_AssessTotalEJB</ejb-name>
            <home>jp.co.hisas.career.plan.assessment.ejb.PBA_AssessTotalEJBHome</home>
            <remote>jp.co.hisas.career.plan.assessment.ejb.PBA_AssessTotalEJB</remote>
            <ejb-class>jp.co.hisas.career.plan.assessment.ejb.PBA_AssessTotalEJBBean</ejb-class>
            <session-type>Stateless</session-type>
            <transaction-type>Container</transaction-type>
            <resource-ref>
                <res-ref-name>jdbc/HCDB</res-ref-name>
                <res-type>javax.sql.DataSource</res-type>
                <res-auth>Container</res-auth>
            </resource-ref>
        </session>
        
        <session>
            <display-name>PBY_PersonalEJB</display-name>
            <ejb-name>PBY_PersonalEJB</ejb-name>
            <home>jp.co.hisas.career.plan.base.ejb.PBY_PersonalEJBHome</home>
            <remote>jp.co.hisas.career.plan.base.ejb.PBY_PersonalEJB</remote>
            <ejb-class>jp.co.hisas.career.plan.base.ejb.PBY_PersonalEJBBean</ejb-class>
            <session-type>Stateless</session-type>
            <transaction-type>Container</transaction-type>
            <resource-ref>
                <res-ref-name>jdbc/HCDB</res-ref-name>
                <res-type>javax.sql.DataSource</res-type>
                <res-auth>Container</res-auth>
            </resource-ref>
        </session>
        
        <session>
            <display-name>PBY_TourokuSekininsyaEJB</display-name>
            <ejb-name>PBY_TourokuSekininsyaEJB</ejb-name>
            <home>jp.co.hisas.career.plan.base.ejb.PBY_TourokuSekininsyaEJBHome</home>
            <remote>jp.co.hisas.career.plan.base.ejb.PBY_TourokuSekininsyaEJB</remote>
            <ejb-class>jp.co.hisas.career.plan.base.ejb.PBY_TourokuSekininsyaEJBBean</ejb-class>
            <session-type>Stateless</session-type>
            <transaction-type>Container</transaction-type>
            <resource-ref>
                <res-ref-name>jdbc/HCDB</res-ref-name>
                <res-type>javax.sql.DataSource</res-type>
                <res-auth>Container</res-auth>
            </resource-ref>
        </session>
		<session>
			<display-name>PBG_SectionDefinitionEJB</display-name>
			<ejb-name>PBG_SectionDefinitionEJB</ejb-name>
			<home>jp.co.hisas.career.plan.careerdefinition.ejb.PBG_SectionDefinitionEJBHome</home>
			<remote>jp.co.hisas.career.plan.careerdefinition.ejb.PBG_SectionDefinitionEJB</remote>
			<ejb-class>jp.co.hisas.career.plan.careerdefinition.ejb.PBG_SectionDefinitionEJBBean</ejb-class>
			<session-type>Stateless</session-type>
			<transaction-type>Container</transaction-type>
			<resource-ref>
				<res-ref-name>jdbc/HCDB</res-ref-name>
				<res-type>javax.sql.DataSource</res-type>
				<res-auth>Container</res-auth>
			</resource-ref>
		</session>
        <session>
            <display-name>PEE_HyokaSheetEJB</display-name>
            <ejb-name>PEE_HyokaSheetEJB</ejb-name>
            <home>jp.co.hisas.career.plan.hyokasheet.ejb.PEE_HyokaSheetEJBHome</home>
            <remote>jp.co.hisas.career.plan.hyokasheet.ejb.PEE_HyokaSheetEJB</remote>
            <ejb-class>jp.co.hisas.career.plan.hyokasheet.ejb.PEE_HyokaSheetEJBBean</ejb-class>
            <session-type>Stateless</session-type>
            <transaction-type>Container</transaction-type>
            <resource-ref>
                <res-ref-name>jdbc/HCDB</res-ref-name>
                <res-type>javax.sql.DataSource</res-type>
                <res-auth>Container</res-auth>
            </resource-ref>
        </session>
        <session>
            <display-name>PBX_HyokaSheetSanshoEJB</display-name>
            <ejb-name>PBX_HyokaSheetSanshoEJB</ejb-name>
            <home>jp.co.hisas.career.plan.maintenance.ejb.PBX_HyokaSheetSanshoEJBHome</home>
            <remote>jp.co.hisas.career.plan.maintenance.ejb.PBX_HyokaSheetSanshoEJB</remote>
            <ejb-class>jp.co.hisas.career.plan.maintenance.ejb.PBX_HyokaSheetSanshoEJBBean</ejb-class>
            <session-type>Stateless</session-type>
            <transaction-type>Container</transaction-type>
            <resource-ref>
                <res-ref-name>jdbc/HCDB</res-ref-name>
                <res-type>javax.sql.DataSource</res-type>
                <res-auth>Container</res-auth>
            </resource-ref>
        </session>
        <session>
            <display-name>PBX_CareerChallengeMainteEJB </display-name>
            <ejb-name>PBX_CareerChallengeMainteEJB </ejb-name>
            <home>jp.co.hisas.career.plan.maintenance.ejb.PBX_CareerChallengeMainteEJBHome</home>
            <remote>jp.co.hisas.career.plan.maintenance.ejb.PBX_CareerChallengeMainteEJB</remote>
            <ejb-class>jp.co.hisas.career.plan.maintenance.ejb.PBX_CareerChallengeMainteEJBBean</ejb-class>
            <session-type>Stateless</session-type>
            <transaction-type>Container</transaction-type>
            <resource-ref>
                <res-ref-name>jdbc/HCDB</res-ref-name>
                <res-type>javax.sql.DataSource</res-type>
                <res-auth>Container</res-auth>
            </resource-ref>
        </session>
    </enterprise-beans>
    <assembly-descriptor>
        <container-transaction>
    	    <method>
    		    <ejb-name>PBC_DownloadNaviEJB</ejb-name>
    		    <method-name>*</method-name>
    	    </method>
    	    <trans-attribute>Required</trans-attribute>
    	</container-transaction>
        <container-transaction>
    	    <method>
    		    <ejb-name>PBC_DownloadTeigiSekininsyaEJB</ejb-name>
    		    <method-name>*</method-name>
    	    </method>
    	    <trans-attribute>Required</trans-attribute>
    	</container-transaction>
    	<container-transaction>
    	    <method>
                <ejb-name>PBY_TourokuSekininsyaEJB</ejb-name>
   	            <method-name>*</method-name>
            </method>
            <trans-attribute>Required</trans-attribute>
        </container-transaction>
        <container-transaction>
    	    <method>
    		    <ejb-name>PBY_SkillStandardEJB</ejb-name>
    		    <method-name>*</method-name>
    	    </method>
    	    <trans-attribute>Required</trans-attribute>
    	</container-transaction>
        <container-transaction>
    	    <method>
    		    <ejb-name>PBY_SkillSetumeiEJB</ejb-name>
    		    <method-name>*</method-name>
    	    </method>
    	    <trans-attribute>Required</trans-attribute>
    	</container-transaction>
        <container-transaction>
    	    <method>
    		    <ejb-name>PBY_AccessLogEJB</ejb-name>
    		    <method-name>*</method-name>
    	    </method>
    	    <trans-attribute>Required</trans-attribute>
    	</container-transaction>
        <container-transaction>
    	    <method>
    		    <ejb-name>PBA_AssessmentEJB</ejb-name>
    		    <method-name>*</method-name>
    	    </method>
    	    <trans-attribute>Required</trans-attribute>
    	</container-transaction>
        <container-transaction>
    	    <method>
    		    <ejb-name>PBA_HyokaTaisyosyaEJB</ejb-name>
    		    <method-name>*</method-name>
    	    </method>
    	    <trans-attribute>Required</trans-attribute>
    	</container-transaction>
    	<container-transaction>
    	    <method>
    		    <ejb-name>PBA_SearchPersonEJB</ejb-name>
    		    <method-name>*</method-name>
    	    </method>
    	    <trans-attribute>Required</trans-attribute>
    	</container-transaction>
        <container-transaction>
    	    <method>
    		    <ejb-name>PBB_ChallengeEJB</ejb-name>
    		    <method-name>*</method-name>
    	    </method>
    	    <trans-attribute>Required</trans-attribute>
    	</container-transaction>
    	<container-transaction>
    	    <method>
    		    <ejb-name>PBC_NavigationEJB</ejb-name>
    		    <method-name>*</method-name>
    	    </method>
    	    <trans-attribute>Required</trans-attribute>
    	</container-transaction>
        <container-transaction>
    	    <method>
    		    <ejb-name>PBA_MapEJB</ejb-name>
    		    <method-name>*</method-name>
    	    </method>
    	    <trans-attribute>Required</trans-attribute>
    	</container-transaction>    
        <container-transaction>
    	    <method>
    		    <ejb-name>PBX_LevelEJB</ejb-name>
    		    <method-name>*</method-name>
    	    </method>
    	    <trans-attribute>Required</trans-attribute>
    	</container-transaction>
        <container-transaction>
    	    <method>
    		    <ejb-name>PBX_TasseidoSihyoEJB</ejb-name>
    		    <method-name>*</method-name>
    	    </method>
    	    <trans-attribute>Required</trans-attribute>
    	</container-transaction>
        <container-transaction>
    	    <method>
    		    <ejb-name>PBX_SkillJukutatudoEJB</ejb-name>
    		    <method-name>*</method-name>
    	    </method>
    	    <trans-attribute>Required</trans-attribute>
    	</container-transaction>
        <container-transaction>
    	    <method>
    		    <ejb-name>PBX_CareerMainteEJB</ejb-name>
    		    <method-name>*</method-name>
    	    </method>
    	    <trans-attribute>Required</trans-attribute>
    	</container-transaction>
        <container-transaction>
    	    <method>
    		    <ejb-name>PBE_SearchChallengeEJB</ejb-name>
    		    <method-name>*</method-name>
    	    </method>
    	    <trans-attribute>Required</trans-attribute>
    	</container-transaction>	
        <container-transaction>
    	    <method>
    		    <ejb-name>PBE_SearchMoralEJB</ejb-name>
    		    <method-name>*</method-name>
    	    </method>
    	    <trans-attribute>Required</trans-attribute>
    	</container-transaction>	
    	<container-transaction>
    	    <method>
    		    <ejb-name>PBE_ZensyaJokyoEJB</ejb-name>
    		    <method-name>*</method-name>
    	    </method>
    	    <trans-attribute>Required</trans-attribute>
    	</container-transaction>
		<container-transaction >
		   <method >
		      <ejb-name>PBE_DownloadEJB</ejb-name>
		      <method-name>*</method-name>
		   </method>
		   <trans-attribute>Required</trans-attribute>
		</container-transaction>
    	<container-transaction>
    	    <method>
    		    <ejb-name>PBY_DisplayFilterEJB</ejb-name>
    		    <method-name>*</method-name>
    	    </method>
    	    <trans-attribute>Required</trans-attribute>
    	</container-transaction>
    	<container-transaction>
    	    <method>
    		    <ejb-name>PBA_AssessTotalEJB</ejb-name>
    		    <method-name>*</method-name>
    	    </method>
    	    <trans-attribute>Required</trans-attribute>
    	</container-transaction>
        <container-transaction>
    	    <method>
    		    <ejb-name>PBY_PersonalEJB</ejb-name>
    		    <method-name>*</method-name>
    	    </method>
    	    <trans-attribute>Required</trans-attribute>
    	</container-transaction>
		<container-transaction>
			<method>
				<ejb-name>PBG_SectionDefinitionEJB</ejb-name>
				<method-name>*</method-name>
			</method>
			<trans-attribute>Required</trans-attribute>
		</container-transaction>
		<container-transaction>
			<method>
				<ejb-name>PEE_HyokaSheetEJB</ejb-name>
				<method-name>*</method-name>
			</method>
			<trans-attribute>Required</trans-attribute>
		</container-transaction>
        <container-transaction>
    	    <method>
    		    <ejb-name>PBX_HyokaSheetSanshoEJB</ejb-name>
    		    <method-name>*</method-name>
    	    </method>
    	    <trans-attribute>Required</trans-attribute>
    	</container-transaction>
        <container-transaction>
    	    <method>
    		    <ejb-name>PBX_CareerChallengeMainteEJB</ejb-name>
    		    <method-name>*</method-name>
    	    </method>
    	    <trans-attribute>Required</trans-attribute>
    	</container-transaction>
    </assembly-descriptor>

</ejb-jar>
