<?xml version="1.0" encoding="MS932"?>

<!DOCTYPE ejb-jar PUBLIC "-//Sun Microsystems, Inc.//DTD Enterprise JavaBeans 1.1//EN" "http://java.sun.com/j2ee/dtds/ejb-jar_1_1.dtd">

<ejb-jar>
    <display-name>personalEJB</display-name>
    <enterprise-beans>
    <!--2006/02/23_LYCE_LUANHH_A START-->
        <session>
            <display-name>KanrimotoEJB</display-name>
            <ejb-name>KanrimotoEJB</ejb-name>
            <home>jp.co.hisas.career.personal.maintenance.ejb.KanrimotoEJBHome</home>
            <remote>jp.co.hisas.career.personal.maintenance.ejb.KanrimotoEJB</remote>
            <ejb-class>jp.co.hisas.career.personal.maintenance.ejb.KanrimotoEJBBean</ejb-class>
            <session-type>Stateless</session-type>
            <transaction-type>Container</transaction-type>
            <resource-ref>
                <res-ref-name>jdbc/HCDB</res-ref-name>
                <res-type>javax.sql.DataSource</res-type>
                <res-auth>Container</res-auth>
            </resource-ref>
        </session>
    <!--2006/02/23_LYCE_LUANHH_A END-->
        <session>
            <display-name>SearchEmpEJB</display-name>
            <ejb-name>SearchEmpEJB</ejb-name>
            <home>jp.co.hisas.career.personal.personal.ejb.SearchEmpEJBHome</home>
            <remote>jp.co.hisas.career.personal.personal.ejb.SearchEmpEJB</remote>
            <ejb-class>jp.co.hisas.career.personal.personal.ejb.SearchEmpEJBBean</ejb-class>
            <session-type>Stateless</session-type>
            <transaction-type>Container</transaction-type>
            <resource-ref>
                <res-ref-name>jdbc/HCDB</res-ref-name>
                <res-type>javax.sql.DataSource</res-type>
                <res-auth>Container</res-auth>
            </resource-ref>
        </session>
        <session>
            <display-name>EditPersonalEJB</display-name>
            <ejb-name>EditPersonalEJB</ejb-name>
            <home>jp.co.hisas.career.personal.personal.ejb.EditPersonalEJBHome</home>
            <remote>jp.co.hisas.career.personal.personal.ejb.EditPersonalEJB</remote>
            <ejb-class>jp.co.hisas.career.personal.personal.ejb.EditPersonalEJBBean</ejb-class>
            <session-type>Stateless</session-type>
            <transaction-type>Container</transaction-type>
            <resource-ref>
                <res-ref-name>jdbc/HCDB</res-ref-name>
                <res-type>javax.sql.DataSource</res-type>
                <res-auth>Container</res-auth>
            </resource-ref>
        </session>
        <session>
            <display-name>SkillEJB</display-name>
            <ejb-name>SkillEJB</ejb-name>
            <home>jp.co.hisas.career.personal.skill.ejb.SkillEJBHome</home>
            <remote>jp.co.hisas.career.personal.skill.ejb.SkillEJB</remote>
            <ejb-class>jp.co.hisas.career.personal.skill.ejb.SkillEJBBean</ejb-class>
            <session-type>Stateless</session-type>
            <transaction-type>Container</transaction-type>
            <resource-ref>
                <res-ref-name>jdbc/HCDB</res-ref-name>
                <res-type>javax.sql.DataSource</res-type>
                <res-auth>Container</res-auth>
            </resource-ref>
        </session>
        <session>
            <display-name>SkillElementEJB</display-name>
            <ejb-name>SkillElementEJB</ejb-name>
            <home>jp.co.hisas.career.personal.skillelement.ejb.SkillElementEJBHome</home>
            <remote>jp.co.hisas.career.personal.skillelement.ejb.SkillElementEJB</remote>
            <ejb-class>jp.co.hisas.career.personal.skillelement.ejb.SkillElementEJBBean</ejb-class>
            <session-type>Stateless</session-type>
            <transaction-type>Container</transaction-type>
            <resource-ref>
                <res-ref-name>jdbc/HCDB</res-ref-name>
                <res-type>javax.sql.DataSource</res-type>
                <res-auth>Container</res-auth>
            </resource-ref>
        </session>
        <session>
            <display-name>RonbunEJB</display-name>
            <ejb-name>RonbunEJB</ejb-name>
            <home>jp.co.hisas.career.personal.ronbun.ejb.RonbunEJBHome</home>
            <remote>jp.co.hisas.career.personal.ronbun.ejb.RonbunEJB</remote>
            <ejb-class>jp.co.hisas.career.personal.ronbun.ejb.RonbunEJBBean</ejb-class>
            <session-type>Stateless</session-type>
            <transaction-type>Container</transaction-type>
            <resource-ref>
                <res-ref-name>jdbc/HCDB</res-ref-name>
                <res-type>javax.sql.DataSource</res-type>
                <res-auth>Container</res-auth>
            </resource-ref>
        </session>
        <session>
            <display-name>SyokumuEJB</display-name>
            <ejb-name>SyokumuEJB</ejb-name>
            <home>jp.co.hisas.career.personal.syokumu.ejb.SyokumuEJBHome</home>
            <remote>jp.co.hisas.career.personal.syokumu.ejb.SyokumuEJB</remote>
            <ejb-class>jp.co.hisas.career.personal.syokumu.ejb.SyokumuEJBBean</ejb-class>
            <session-type>Stateless</session-type>
            <transaction-type>Container</transaction-type>
            <resource-ref>
                <res-ref-name>jdbc/HCDB</res-ref-name>
                <res-type>javax.sql.DataSource</res-type>
                <res-auth>Container</res-auth>
            </resource-ref>
        </session>
        <session>
            <display-name>HyosyorekiEJB</display-name>
            <ejb-name>HyosyorekiEJB</ejb-name>
            <home>jp.co.hisas.career.personal.hyosyoreki.ejb.HyosyorekiEJBHome</home>
            <remote>jp.co.hisas.career.personal.hyosyoreki.ejb.HyosyorekiEJB</remote>
            <ejb-class>jp.co.hisas.career.personal.hyosyoreki.ejb.HyosyorekiEJBBean</ejb-class>
            <session-type>Stateless</session-type>
            <transaction-type>Container</transaction-type>
            <resource-ref>
                <res-ref-name>jdbc/HCDB</res-ref-name>
                <res-type>javax.sql.DataSource</res-type>
                <res-auth>Container</res-auth>
            </resource-ref>
        </session>
        <session>
            <display-name>SikakuEJB</display-name>
            <ejb-name>SikakuEJB</ejb-name>
            <home>jp.co.hisas.career.personal.sikaku.ejb.SikakuEJBHome</home>
            <remote>jp.co.hisas.career.personal.sikaku.ejb.SikakuEJB</remote>
            <ejb-class>jp.co.hisas.career.personal.sikaku.ejb.SikakuEJBBean</ejb-class>
            <session-type>Stateless</session-type>
            <transaction-type>Container</transaction-type>
            <resource-ref>
                <res-ref-name>jdbc/HCDB</res-ref-name>
                <res-type>javax.sql.DataSource</res-type>
                <res-auth>Container</res-auth>
            </resource-ref>
        </session>
        <session>
            <display-name>KyoikuEJB</display-name>
            <ejb-name>KyoikuEJB</ejb-name>
            <home>jp.co.hisas.career.personal.kyoiku.ejb.KyoikuEJBHome</home>
            <remote>jp.co.hisas.career.personal.kyoiku.ejb.KyoikuEJB</remote>
            <ejb-class>jp.co.hisas.career.personal.kyoiku.ejb.KyoikuEJBBean</ejb-class>
            <session-type>Stateless</session-type>
            <transaction-type>Container</transaction-type>
            <resource-ref>
                <res-ref-name>jdbc/HCDB</res-ref-name>
                <res-type>javax.sql.DataSource</res-type>
                <res-auth>Container</res-auth>
            </resource-ref>
        </session>
        <session>
            <display-name>SearchKojinEJB</display-name>
            <ejb-name>SearchKojinEJB</ejb-name>
            <home>jp.co.hisas.career.search.kojin.ejb.SearchKojinEJBHome</home>
            <remote>jp.co.hisas.career.search.kojin.ejb.SearchKojinEJB</remote>
            <ejb-class>jp.co.hisas.career.search.kojin.ejb.SearchKojinEJBBean</ejb-class>
            <session-type>Stateless</session-type>
            <transaction-type>Container</transaction-type>
            <resource-ref>
                <res-ref-name>jdbc/HCDB</res-ref-name>
                <res-type>javax.sql.DataSource</res-type>
                <res-auth>Container</res-auth>
            </resource-ref>
        </session>
          <session>
                <display-name>KimituHogoEJB</display-name>
      		<ejb-name>KimituHogoEJB</ejb-name>
      		<home>jp.co.hisas.career.personal.kimituhogo.ejb.KimituHogoEJBHome</home>
      		<remote>jp.co.hisas.career.personal.kimituhogo.ejb.KimituHogoEJB</remote>
      		<ejb-class>jp.co.hisas.career.personal.kimituhogo.ejb.KimituHogoEJBBean</ejb-class>
      		<session-type>Stateless</session-type>
      		<transaction-type>Container</transaction-type>
           <resource-ref>
                <res-ref-name>jdbc/HCDB</res-ref-name>
                <res-type>javax.sql.DataSource</res-type>
                <res-auth>Container</res-auth>
            </resource-ref>
    		</session>
         <session>
            <display-name>JiyuKensakuEJB</display-name>
      		<ejb-name>JiyuKensakuEJB</ejb-name>
      		<home>jp.co.hisas.career.search.jiyukensaku.ejb.JiyuKensakuEJBHome</home>
      		<remote>jp.co.hisas.career.search.jiyukensaku.ejb.JiyuKensakuEJB</remote>
      		<ejb-class>jp.co.hisas.career.search.jiyukensaku.ejb.JiyuKensakuEJBBean</ejb-class>
      		<session-type>Stateless</session-type>
      		<transaction-type>Container</transaction-type>
           <resource-ref>
                <res-ref-name>jdbc/HCDB</res-ref-name>
                <res-type>javax.sql.DataSource</res-type>
                <res-auth>Container</res-auth>
            </resource-ref>
        </session>
        <session>
            <display-name>SyagaiEJB</display-name>
      		<ejb-name>SyagaiEJB</ejb-name>
      		<home>jp.co.hisas.career.personal.syagai.ejb.SyagaiEJBHome</home>
      		<remote>jp.co.hisas.career.personal.syagai.ejb.SyagaiEJB</remote>
      		<ejb-class>jp.co.hisas.career.personal.syagai.ejb.SyagaiEJBBean</ejb-class>
      		<session-type>Stateless</session-type>
      		<transaction-type>Container</transaction-type>
           <resource-ref>
                <res-ref-name>jdbc/HCDB</res-ref-name>
                <res-type>javax.sql.DataSource</res-type>
                <res-auth>Container</res-auth>
            </resource-ref>
        </session>
        <session>
            <display-name>OsiraseEJB</display-name>
      		<ejb-name>OsiraseEJB</ejb-name>
      		<home>jp.co.hisas.career.personal.maintenance.ejb.OsiraseEJBHome</home>
      		<remote>jp.co.hisas.career.personal.maintenance.ejb.OsiraseEJB</remote>
      		<ejb-class>jp.co.hisas.career.personal.maintenance.ejb.OsiraseEJBBean</ejb-class>
      		<session-type>Stateless</session-type>
      		<transaction-type>Container</transaction-type>
           <resource-ref>
                <res-ref-name>jdbc/HCDB</res-ref-name>
                <res-type>javax.sql.DataSource</res-type>
                <res-auth>Container</res-auth>
            </resource-ref>
        </session>       
        <session>
            <display-name>AccesslogEJB</display-name>
      		<ejb-name>AccesslogEJB</ejb-name>
      		<home>jp.co.hisas.career.personal.accesslog.ejb.AccesslogEJBHome</home>
      		<remote>jp.co.hisas.career.personal.accesslog.ejb.AccesslogEJB</remote>
      		<ejb-class>jp.co.hisas.career.personal.accesslog.ejb.AccesslogEJBBean</ejb-class>
      		<session-type>Stateless</session-type>
      		<transaction-type>Container</transaction-type>
           <resource-ref>
                <res-ref-name>jdbc/HCDB</res-ref-name>
                <res-type>javax.sql.DataSource</res-type>
                <res-auth>Container</res-auth>
            </resource-ref>
        </session>
        <session>
            <display-name>PAK_SkillElementReportEJB</display-name>
            <ejb-name>PAK_SkillElementReportEJB</ejb-name>
            <home>jp.co.hisas.career.personal.skillelement.pdf.ejb.PAK_SkillElementReportEJBHome</home>
            <remote>jp.co.hisas.career.personal.skillelement.pdf.ejb.PAK_SkillElementReportEJB</remote>
            <ejb-class>jp.co.hisas.career.personal.skillelement.pdf.ejb.PAK_SkillElementReportEJBBean</ejb-class>
            <session-type>Stateless</session-type>
            <transaction-type>Container</transaction-type>
            <resource-ref>
                <res-ref-name>jdbc/HCDB</res-ref-name>
                <res-type>javax.sql.DataSource</res-type>
                <res-auth>Container</res-auth>
            </resource-ref>
        </session>
        <session>
            <display-name>BumonKanriEJB</display-name>
            <ejb-name>BumonKanriEJB</ejb-name>
            <home>jp.co.hisas.career.personal.maintenance.ejb.BumonKanriEJBHome</home>
            <remote>jp.co.hisas.career.personal.maintenance.ejb.BumonKanriEJB</remote>
            <ejb-class>jp.co.hisas.career.personal.maintenance.ejb.BumonKanriEJBBean</ejb-class>
            <session-type>Stateless</session-type>
            <transaction-type>Container</transaction-type>
            <resource-ref>
                <res-ref-name>jdbc/HCDB</res-ref-name>
                <res-type>javax.sql.DataSource</res-type>
                <res-auth>Container</res-auth>
            </resource-ref>
        </session>
    </enterprise-beans>
    <assembly-descriptor>
    	<container-transaction>
    		<method>
    			<ejb-name>SearchEmpEJB</ejb-name>
    		<method-name>*</method-name>
    		</method>
    		<trans-attribute>Required</trans-attribute>
    	</container-transaction>
    	<container-transaction>
    		<method>
    			<ejb-name>SkillEJB</ejb-name>
    		<method-name>*</method-name>
    		</method>
    		<trans-attribute>Required</trans-attribute>
    	</container-transaction>
    	<container-transaction>
    		<method>
    			<ejb-name>KyoikuEJB</ejb-name>
    		<method-name>*</method-name>
    		</method>
    		<trans-attribute>Required</trans-attribute>
    	</container-transaction>
    	<container-transaction>
    		<method>
    			<ejb-name>SyokumuEJB</ejb-name>
    		<method-name>*</method-name>
    		</method>
    		<trans-attribute>Required</trans-attribute>
    	</container-transaction>
    	<container-transaction>
    		<method>
    			<ejb-name>SikakuEJB</ejb-name>
    		<method-name>*</method-name>
    		</method>
    		<trans-attribute>Required</trans-attribute>
    	</container-transaction>
    	<container-transaction>
    		<method>
    			<ejb-name>HyosyorekiEJB</ejb-name>
    		<method-name>*</method-name>
    		</method>
    		<trans-attribute>Required</trans-attribute>
    	</container-transaction>
    	<container-transaction>
    		<method>
    			<ejb-name>RonbunEJB</ejb-name>
    		<method-name>*</method-name>
    		</method>
    		<trans-attribute>Required</trans-attribute>
    	</container-transaction>
    	<container-transaction>
    		<method>
    			<ejb-name>SearchKojinEJB</ejb-name>
    		<method-name>*</method-name>
    		</method>
    		<trans-attribute>Required</trans-attribute>
    	</container-transaction>
    	<container-transaction>
    		<method>
    			<ejb-name>KimituHogoEJB</ejb-name>
    		<method-name>*</method-name>
    		</method>
    		<trans-attribute>Required</trans-attribute>
    	</container-transaction>
    	<container-transaction>
    		<method>
    			<ejb-name>JiyuKensakuEJB</ejb-name>
    		<method-name>*</method-name>
    		</method>
    		<trans-attribute>Required</trans-attribute>
    	</container-transaction>
    	<container-transaction>
    		<method>
    			<ejb-name>SyagaiEJB</ejb-name>
    		<method-name>*</method-name>
    		</method>
    		<trans-attribute>Required</trans-attribute>
    	</container-transaction>
    	<container-transaction>
    		<method>
    			<ejb-name>OsiraseEJB</ejb-name>
    		<method-name>*</method-name>
    		</method>
    		<trans-attribute>Required</trans-attribute>
    	</container-transaction> 	
    	<container-transaction>
    		<method>
    			<ejb-name>AccesslogEJB</ejb-name>
    		<method-name>*</method-name>
    		</method>
    		<trans-attribute>Required</trans-attribute>
    	</container-transaction>
		<container-transaction>
    		<method>
    			<ejb-name>EditPersonalEJB</ejb-name>
    		<method-name>*</method-name>
    		</method>
    		<trans-attribute>Required</trans-attribute>
    	</container-transaction>    
   		<container-transaction>
    		<method>
    			<ejb-name>KanrimotoEJB</ejb-name>
    		<method-name>*</method-name>
    		</method>
    		<trans-attribute>Required</trans-attribute>
    	</container-transaction>
    	<container-transaction>
    		<method>
    			<ejb-name>PAK_SkillElementReportEJB</ejb-name>
    		<method-name>*</method-name>
    		</method>
    		<trans-attribute>Required</trans-attribute>
    	</container-transaction>
    	<container-transaction>
    		<method>
    			<ejb-name>BumonKanriEJB</ejb-name>
    		<method-name>*</method-name>
    		</method>
    		<trans-attribute>Required</trans-attribute>
    	</container-transaction>
    </assembly-descriptor>
</ejb-jar>
