<?xml version="1.0" encoding="MS932"?>
<!DOCTYPE ejb-jar PUBLIC "-//Sun Microsystems, Inc.//DTD Enterprise JavaBeans 2.0//EN" "http://java.sun.com/dtd/ejb-jar_2_0.dtd">
<sun-ejb-jar>
    <enterprise-beans>
        <!-- eja-jar_analysis.xml -->
        <ejb>
            <ejb-name>PEF_MoralSurveyReportEJB</ejb-name>
            <jndi-name>PEF_MoralSurveyReportEJB</jndi-name>
            <resource-ref>
                <res-ref-name>jdbc/HCDB</res-ref-name>
                <jndi-name>jdbc/HCDB</jndi-name>
            </resource-ref>
        </ejb>
        <ejb>
            <ejb-name>PEF_JinzaiPortfolioEJB</ejb-name>
            <jndi-name>PEF_JinzaiPortfolioEJB</jndi-name>
            <resource-ref>
                <res-ref-name>jdbc/HCDB</res-ref-name>
                <jndi-name>jdbc/HCDB</jndi-name>
            </resource-ref>
        </ejb>
        <!-- eja-jar_base.xml -->
        <ejb>
            <ejb-name>PYF_BlobDBAccessOracleEJB</ejb-name>
            <jndi-name>PYF_BlobDBAccessOracleEJB</jndi-name>
            <resource-ref>
                <res-ref-name>jdbc/HCDB</res-ref-name>
                <jndi-name>jdbc/HCDB</jndi-name>
            </resource-ref>
        </ejb>
        <ejb>
            <ejb-name>PYF_BlobDBAccessCosmiEJB</ejb-name>
            <jndi-name>PYF_BlobDBAccessCosmiEJB</jndi-name>
            <resource-ref>
                <res-ref-name>jdbc/HCDB</res-ref-name>
                <jndi-name>jdbc/HCDB</jndi-name>
            </resource-ref>
        </ejb>
        <ejb>
            <ejb-name>CodeEJB</ejb-name>
            <jndi-name>CodeEJB</jndi-name>
            <resource-ref>
                <res-ref-name>jdbc/HCDB</res-ref-name>
                <jndi-name>jdbc/HCDB</jndi-name>
            </resource-ref>
        </ejb>
        <ejb>
            <ejb-name>SosikiEJB</ejb-name>
            <jndi-name>SosikiEJB</jndi-name>
            <resource-ref>
                <res-ref-name>jdbc/HCDB</res-ref-name>
                <jndi-name>jdbc/HCDB</jndi-name>
            </resource-ref>
        </ejb>
        <ejb>
            <ejb-name>PYG_MessageSenderEJB</ejb-name>
            <jndi-name>PYG_MessageSenderEJB</jndi-name>
            <resource-ref>
                <res-ref-name>jdbc/HCDB</res-ref-name>
                <jndi-name>jdbc/HCDB</jndi-name>
            </resource-ref>
        </ejb>
        <ejb>
            <ejb-name>YakusyokuEJB</ejb-name>
            <jndi-name>YakusyokuEJB</jndi-name>
            <resource-ref>
                <res-ref-name>jdbc/HCDB</res-ref-name>
                <jndi-name>jdbc/HCDB</jndi-name>
            </resource-ref>
        </ejb>
        <ejb>
            <ejb-name>OutLogEJB</ejb-name>
            <jndi-name>OutLogEJB</jndi-name>
            <resource-ref>
                <res-ref-name>jdbc/HCDB</res-ref-name>
                <jndi-name>jdbc/HCDB</jndi-name>
            </resource-ref>
        </ejb>
        <ejb>
            <ejb-name>CommonParameterEJB</ejb-name>
            <jndi-name>CommonParameterEJB</jndi-name>
            <resource-ref>
                <res-ref-name>jdbc/HCDB</res-ref-name>
                <jndi-name>jdbc/HCDB</jndi-name>
            </resource-ref>
        </ejb>
        <ejb>
            <ejb-name>KengenEJB</ejb-name>
            <jndi-name>KengenEJB</jndi-name>
            <resource-ref>
                <res-ref-name>jdbc/HCDB</res-ref-name>
                <jndi-name>jdbc/HCDB</jndi-name>
            </resource-ref>
        </ejb>
        <ejb>
            <ejb-name>KnowledgeDocEJB</ejb-name>
            <jndi-name>KnowledgeDocEJB</jndi-name>
            <resource-ref>
                <res-ref-name>jdbc/HCDB</res-ref-name>
                <jndi-name>jdbc/HCDB</jndi-name>
            </resource-ref>
        </ejb>
        <ejb>
            <ejb-name>PYB_PortalEJB</ejb-name>
            <jndi-name>PYB_PortalEJB</jndi-name>
            <resource-ref>
                <res-ref-name>jdbc/HCDB</res-ref-name>
                <jndi-name>jdbc/HCDB</jndi-name>
            </resource-ref>
        </ejb>
        <!-- ejb-jar_batch.xml -->
        <ejb>
            <ejb-name>ImportPersonalEJB</ejb-name>
            <jndi-name>ImportPersonalEJB</jndi-name>
            <resource-ref>
                <res-ref-name>jdbc/HCDB</res-ref-name>
                <jndi-name>jdbc/HCDB</jndi-name>
            </resource-ref>
        </ejb>
        <ejb>
            <ejb-name>SoshikiEditorEJB</ejb-name>
            <jndi-name>SoshikiEditorEJB</jndi-name>
            <resource-ref>
                <res-ref-name>jdbc/HCDB</res-ref-name>
                <jndi-name>jdbc/HCDB</jndi-name>
            </resource-ref>
        </ejb>
        <ejb>
            <ejb-name>ContencyCheckerEJB</ejb-name>
            <jndi-name>ContencyCheckerEJB</jndi-name>
            <resource-ref>
                <res-ref-name>jdbc/HCDB</res-ref-name>
                <jndi-name>jdbc/HCDB</jndi-name>
            </resource-ref>
        </ejb>
        <ejb>
            <ejb-name>PCY_FollowMailSenderEJB</ejb-name>
            <jndi-name>PCY_FollowMailSenderEJB</jndi-name>
            <resource-ref>
                <res-ref-name>jdbc/HCDB</res-ref-name>
                <jndi-name>jdbc/HCDB</jndi-name>
            </resource-ref>
        </ejb>
        <ejb>
            <ejb-name>PCY_SasimodosiDaoEJB</ejb-name>
            <jndi-name>PCY_SasimodosiDaoEJB</jndi-name>
            <resource-ref>
                <res-ref-name>jdbc/HCDB</res-ref-name>
                <jndi-name>jdbc/HCDB</jndi-name>
            </resource-ref>
        </ejb>
        <ejb>
            <ejb-name>PCY_SasimodosiEJB</ejb-name>
            <jndi-name>PCY_SasimodosiEJB</jndi-name>
            <resource-ref>
                <res-ref-name>jdbc/HCDB</res-ref-name>
                <jndi-name>jdbc/HCDB</jndi-name>
            </resource-ref>
        </ejb>
        <ejb>
            <ejb-name>PCY_TorikesiUketukeEJB</ejb-name>
            <jndi-name>PCY_TorikesiUketukeEJB</jndi-name>
            <resource-ref>
                <res-ref-name>jdbc/HCDB</res-ref-name>
                <jndi-name>jdbc/HCDB</jndi-name>
            </resource-ref>
        </ejb>
        <ejb>
            <ejb-name>PCY_TorikesiUketukeDaoEJB</ejb-name>
            <jndi-name>PCY_TorikesiUketukeDaoEJB</jndi-name>
            <resource-ref>
                <res-ref-name>jdbc/HCDB</res-ref-name>
                <jndi-name>jdbc/HCDB</jndi-name>
            </resource-ref>
        </ejb>
        <ejb>
            <ejb-name>PCY_KaikoTuchiDaoEJB</ejb-name>
            <jndi-name>PCY_KaikoTuchiDaoEJB</jndi-name>
            <resource-ref>
                <res-ref-name>jdbc/HCDB</res-ref-name>
                <jndi-name>jdbc/HCDB</jndi-name>
            </resource-ref>
        </ejb>
        <ejb>
            <ejb-name>PCY_MisyouninChikusekiDaoEJB</ejb-name>
            <jndi-name>PCY_MisyouninChikusekiDaoEJB</jndi-name>
            <resource-ref>
                <res-ref-name>jdbc/HCDB</res-ref-name>
                <jndi-name>jdbc/HCDB</jndi-name>
            </resource-ref>
        </ejb>
        <ejb>
            <ejb-name>PCY_MisyoriChikusekiDaoEJB</ejb-name>
            <jndi-name>PCY_MisyoriChikusekiDaoEJB</jndi-name>
            <resource-ref>
                <res-ref-name>jdbc/HCDB</res-ref-name>
                <jndi-name>jdbc/HCDB</jndi-name>
            </resource-ref>
        </ejb>
        <ejb>
            <ejb-name>PCY_JyotaiSeniDaoEJB</ejb-name>
            <jndi-name>PCY_JyotaiSeniDaoEJB</jndi-name>
            <resource-ref>
                <res-ref-name>jdbc/HCDB</res-ref-name>
                <jndi-name>jdbc/HCDB</jndi-name>
            </resource-ref>
        </ejb>
        <ejb>
            <ejb-name>PCY_MousikomiFollowMailSenderEJB</ejb-name>
            <jndi-name>PCY_MousikomiFollowMailSenderEJB</jndi-name>
            <resource-ref>
                <res-ref-name>jdbc/HCDB</res-ref-name>
                <jndi-name>jdbc/HCDB</jndi-name>
            </resource-ref>
        </ejb>
        <!-- ejb-jar_common.xml -->
<!--
        <ejb>
            <ejb-name>EventEJB</ejb-name>
            <jndi-name>EventEJB</jndi-name>
            <resource-ref>
                <res-ref-name>jdbc/HCDB</res-ref-name>
                <jndi-name>jdbc/HCDB</jndi-name>
            </resource-ref>
        </ejb>
-->
        <!-- ejb-jar_department.xml -->
        <ejb>
            <ejb-name>PEB_KouboAnkenEJB</ejb-name>
            <jndi-name>PEB_KouboAnkenEJB</jndi-name>
            <resource-ref>
                <res-ref-name>jdbc/HCDB</res-ref-name>
                <jndi-name>jdbc/HCDB</jndi-name>
            </resource-ref>
        </ejb>
        <ejb>
            <ejb-name>PEB_SuccessOrFailureEJB</ejb-name>
            <jndi-name>PEB_SuccessOrFailureEJB</jndi-name>
            <resource-ref>
                <res-ref-name>jdbc/HCDB</res-ref-name>
                <jndi-name>jdbc/HCDB</jndi-name>
            </resource-ref>
        </ejb>
        <ejb>
            <ejb-name>PEY_CodeEJB</ejb-name>
            <jndi-name>PEY_CodeEJB</jndi-name>
            <resource-ref>
                <res-ref-name>jdbc/HCDB</res-ref-name>
                <jndi-name>jdbc/HCDB</jndi-name>
            </resource-ref>
        </ejb>
        <ejb>
            <ejb-name>PEY_PersonalEJB</ejb-name>
            <jndi-name>PEY_PersonalEJB</jndi-name>
            <resource-ref>
                <res-ref-name>jdbc/HCDB</res-ref-name>
                <jndi-name>jdbc/HCDB</jndi-name>
            </resource-ref>
        </ejb>
        <ejb>
            <ejb-name>PEB_KouboAnkenOuboEJB</ejb-name>
            <jndi-name>PEB_KouboAnkenOuboEJB</jndi-name>
            <resource-ref>
                <res-ref-name>jdbc/HCDB</res-ref-name>
                <jndi-name>jdbc/HCDB</jndi-name>
            </resource-ref>
        </ejb>
        <ejb>
            <ejb-name>PEB_KouboAnkenAssessumentRirekiEJB</ejb-name>
            <jndi-name>PEB_KouboAnkenAssessumentRirekiEJB</jndi-name>
            <resource-ref>
                <res-ref-name>jdbc/HCDB</res-ref-name>
                <jndi-name>jdbc/HCDB</jndi-name>
            </resource-ref>
        </ejb>
        <ejb>
            <ejb-name>PEB_ShinsaKekkaSetteiEJB</ejb-name>
            <jndi-name>PEB_ShinsaKekkaSetteiEJB</jndi-name>
            <resource-ref>
                <res-ref-name>jdbc/HCDB</res-ref-name>
                <jndi-name>jdbc/HCDB</jndi-name>
            </resource-ref>
        </ejb>
        <ejb>
            <ejb-name>PEB_HonninTuuchiEJB</ejb-name>
            <jndi-name>PEB_HonninTuuchiEJB</jndi-name>
            <resource-ref>
                <res-ref-name>jdbc/HCDB</res-ref-name>
                <jndi-name>jdbc/HCDB</jndi-name>
            </resource-ref>
        </ejb>
        <ejb>
            <ejb-name>PEB_ShinsaKekkaTsuuchiEJB</ejb-name>
            <jndi-name>PEB_ShinsaKekkaTsuuchiEJB</jndi-name>
            <resource-ref>
                <res-ref-name>jdbc/HCDB</res-ref-name>
                <jndi-name>jdbc/HCDB</jndi-name>
            </resource-ref>
        </ejb>
        <ejb>
            <ejb-name>PEY_KouboOubosyaEJB</ejb-name>
            <jndi-name>PEY_KouboOubosyaEJB</jndi-name>
            <resource-ref>
                <res-ref-name>jdbc/HCDB</res-ref-name>
                <jndi-name>jdbc/HCDB</jndi-name>
            </resource-ref>
        </ejb>
        <ejb>
            <ejb-name>PEB_KouboAnkenSakuseiEJB</ejb-name>
            <jndi-name>PEB_KouboAnkenSakuseiEJB</jndi-name>
            <resource-ref>
                <res-ref-name>jdbc/HCDB</res-ref-name>
                <jndi-name>jdbc/HCDB</jndi-name>
            </resource-ref>
        </ejb>
        <ejb>
            <ejb-name>PEB_NijiShinsaGouhiSetteiEJB</ejb-name>
            <jndi-name>PEB_NijiShinsaGouhiSetteiEJB</jndi-name>
            <resource-ref>
                <res-ref-name>jdbc/HCDB</res-ref-name>
                <jndi-name>jdbc/HCDB</jndi-name>
            </resource-ref>
        </ejb>
        <ejb>
            <ejb-name>PEB_OubosyaJyohoEJB</ejb-name>
            <jndi-name>PEB_OubosyaJyohoEJB</jndi-name>
            <resource-ref>
                <res-ref-name>jdbc/HCDB</res-ref-name>
                <jndi-name>jdbc/HCDB</jndi-name>
            </resource-ref>
        </ejb>
        <ejb>
            <ejb-name>PEB_KanrisyaEJB</ejb-name>
            <jndi-name>PEB_KanrisyaEJB</jndi-name>
            <resource-ref>
                <res-ref-name>jdbc/HCDB</res-ref-name>
                <jndi-name>jdbc/HCDB</jndi-name>
            </resource-ref>
        </ejb>
        <ejb>
            <ejb-name>PEB_KouboMenuEJB</ejb-name>
            <jndi-name>PEB_KouboMenuEJB</jndi-name>
            <resource-ref>
                <res-ref-name>jdbc/HCDB</res-ref-name>
                <jndi-name>jdbc/HCDB</jndi-name>
            </resource-ref>
        </ejb>
        <ejb>
            <ejb-name>PEB_IchijiShinsaGouhiSetteiEJB</ejb-name>
            <jndi-name>PEB_IchijiShinsaGouhiSetteiEJB</jndi-name>
            <resource-ref>
                <res-ref-name>jdbc/HCDB</res-ref-name>
                <jndi-name>jdbc/HCDB</jndi-name>
            </resource-ref>
        </ejb>
        <ejb>
            <ejb-name>PEB_OuboKanriEJB</ejb-name>
            <jndi-name>PEB_OuboKanriEJB</jndi-name>
            <resource-ref>
                <res-ref-name>jdbc/HCDB</res-ref-name>
                <jndi-name>jdbc/HCDB</jndi-name>
            </resource-ref>
        </ejb>
        <ejb>
            <ejb-name>PEY_KouboEJB</ejb-name>
            <jndi-name>PEY_KouboEJB</jndi-name>
            <resource-ref>
                <res-ref-name>jdbc/HCDB</res-ref-name>
                <jndi-name>jdbc/HCDB</jndi-name>
            </resource-ref>
        </ejb>
        <ejb>
            <ejb-name>PEB_SaiyousyaKetteiEJB</ejb-name>
            <jndi-name>PEB_SaiyousyaKetteiEJB</jndi-name>
            <resource-ref>
                <res-ref-name>jdbc/HCDB</res-ref-name>
                <jndi-name>jdbc/HCDB</jndi-name>
            </resource-ref>
        </ejb>
        <ejb>
            <ejb-name>PEA010_ForumEJB</ejb-name>
            <jndi-name>PEA010_ForumEJB</jndi-name>
            <resource-ref>
                <res-ref-name>jdbc/HCDB</res-ref-name>
                <jndi-name>jdbc/HCDB</jndi-name>
            </resource-ref>
        </ejb>
        <ejb>
            <ejb-name>PEA_SankaHanteiEJB</ejb-name>
            <jndi-name>PEA_SankaHanteiEJB</jndi-name>
            <resource-ref>
                <res-ref-name>jdbc/HCDB</res-ref-name>
                <jndi-name>jdbc/HCDB</jndi-name>
            </resource-ref>
        </ejb>
        <ejb>
            <ejb-name>PEA_ForumEJB</ejb-name>
            <jndi-name>PEA_ForumEJB</jndi-name>
            <resource-ref>
                <res-ref-name>jdbc/HCDB</res-ref-name>
                <jndi-name>jdbc/HCDB</jndi-name>
            </resource-ref>
        </ejb>
        <ejb>
            <ejb-name>PEA_ToukouEJB</ejb-name>
            <jndi-name>PEA_ToukouEJB</jndi-name>
            <resource-ref>
                <res-ref-name>jdbc/HCDB</res-ref-name>
                <jndi-name>jdbc/HCDB</jndi-name>
            </resource-ref>
        </ejb>
        <ejb>
            <ejb-name>PEY_CounterEJB</ejb-name>
            <jndi-name>PEY_CounterEJB</jndi-name>
            <resource-ref>
                <res-ref-name>jdbc/HCDB</res-ref-name>
                <jndi-name>jdbc/HCDB</jndi-name>
            </resource-ref>
        </ejb>
        <ejb>
            <ejb-name>PEC_DownloadEJB</ejb-name>
            <jndi-name>PEC_DownloadEJB</jndi-name>
            <resource-ref>
                <res-ref-name>jdbc/HCDB</res-ref-name>
                <jndi-name>jdbc/HCDB</jndi-name>
            </resource-ref>
        </ejb>
        <!-- ejb-jar_learning.xml -->
        <ejb>
            <ejb-name>PCY_EsNinsyoRirekiEJB</ejb-name>
            <jndi-name>PCY_EsNinsyoRirekiEJB</jndi-name>
            <resource-ref>
                <res-ref-name>jdbc/HCDB</res-ref-name>
                <jndi-name>jdbc/HCDB</jndi-name>
            </resource-ref>
        </ejb>
        <ejb>
            <ejb-name>PCY_JyukousyaKanriEJB</ejb-name>
            <jndi-name>PCY_JyukousyaKanriEJB</jndi-name>
            <resource-ref>
                <res-ref-name>jdbc/HCDB</res-ref-name>
                <jndi-name>jdbc/HCDB</jndi-name>
            </resource-ref>
        </ejb>
        <ejb>
            <ejb-name>PCY_DaikoNyuryokuEJB</ejb-name>
            <jndi-name>PCY_DaikoNyuryokuEJB</jndi-name>
            <resource-ref>
                <res-ref-name>jdbc/HCDB</res-ref-name>
                <jndi-name>jdbc/HCDB</jndi-name>
            </resource-ref>
        </ejb>
        <ejb>
            <ejb-name>PCY_TaisyoEJB</ejb-name>
            <jndi-name>PCY_TaisyoEJB</jndi-name>
            <resource-ref>
                <res-ref-name>jdbc/HCDB</res-ref-name>
                <jndi-name>jdbc/HCDB</jndi-name>
            </resource-ref>
        </ejb>
        <ejb>
            <ejb-name>PCY_PersonalEJB</ejb-name>
            <jndi-name>PCY_PersonalEJB</jndi-name>
            <resource-ref>
                <res-ref-name>jdbc/HCDB</res-ref-name>
                <jndi-name>jdbc/HCDB</jndi-name>
            </resource-ref>
        </ejb>
        <ejb>
            <ejb-name>PCY_PzValueEJB</ejb-name>
            <jndi-name>PCY_PzValueEJB</jndi-name>
            <resource-ref>
                <res-ref-name>jdbc/HCDB</res-ref-name>
                <jndi-name>jdbc/HCDB</jndi-name>
            </resource-ref>
        </ejb>
        <ejb>
            <ejb-name>PCY_KanrenKyoikuKamokuEJB</ejb-name>
            <jndi-name>PCY_KanrenKyoikuKamokuEJB</jndi-name>
            <resource-ref>
                <res-ref-name>jdbc/HCDB</res-ref-name>
                <jndi-name>jdbc/HCDB</jndi-name>
            </resource-ref>
        </ejb>
        <ejb>
            <ejb-name>PCY_MousikomiJyokyoEJB</ejb-name>
            <jndi-name>PCY_MousikomiJyokyoEJB</jndi-name>
            <resource-ref>
                <res-ref-name>jdbc/HCDB</res-ref-name>
                <jndi-name>jdbc/HCDB</jndi-name>
            </resource-ref>
        </ejb>
        <ejb>
            <ejb-name>PCY_KensyuRirekiEJB</ejb-name>
            <jndi-name>PCY_KensyuRirekiEJB</jndi-name>
            <resource-ref>
                <res-ref-name>jdbc/HCDB</res-ref-name>
                <jndi-name>jdbc/HCDB</jndi-name>
            </resource-ref>
        </ejb>
        <ejb>
            <ejb-name>PCY_KamokuEJB</ejb-name>
            <jndi-name>PCY_KamokuEJB</jndi-name>
            <resource-ref>
                <res-ref-name>jdbc/HCDB</res-ref-name>
                <jndi-name>jdbc/HCDB</jndi-name>
            </resource-ref>
        </ejb>
        <ejb>
            <ejb-name>PCY_HonninKensyuJyohouEJB</ejb-name>
            <jndi-name>PCY_HonninKensyuJyohouEJB</jndi-name>
            <resource-ref>
                <res-ref-name>jdbc/HCDB</res-ref-name>
                <jndi-name>jdbc/HCDB</jndi-name>
            </resource-ref>
        </ejb>
        <ejb>
            <ejb-name>PCY_SyoninsyaEJB</ejb-name>
            <jndi-name>PCY_SyoninsyaEJB</jndi-name>
            <resource-ref>
                <res-ref-name>jdbc/HCDB</res-ref-name>
                <jndi-name>jdbc/HCDB</jndi-name>
            </resource-ref>
        </ejb>
        <ejb>
            <ejb-name>PCY_CounterEJB</ejb-name>
            <jndi-name>PCY_CounterEJB</jndi-name>
            <resource-ref>
                <res-ref-name>jdbc/HCDB</res-ref-name>
                <jndi-name>jdbc/HCDB</jndi-name>
            </resource-ref>
        </ejb>
        <ejb>
            <ejb-name>PCY_CodeEJB</ejb-name>
            <jndi-name>PCY_CodeEJB</jndi-name>
            <resource-ref>
                <res-ref-name>jdbc/HCDB</res-ref-name>
                <jndi-name>jdbc/HCDB</jndi-name>
            </resource-ref>
        </ejb>
        <ejb>
            <ejb-name>PCY_ClassEJB</ejb-name>
            <jndi-name>PCY_ClassEJB</jndi-name>
            <resource-ref>
                <res-ref-name>jdbc/HCDB</res-ref-name>
                <jndi-name>jdbc/HCDB</jndi-name>
            </resource-ref>
        </ejb>
        <ejb>
            <ejb-name>PCY_ClassCyouseiEJB</ejb-name>
            <jndi-name>PCY_ClassCyouseiEJB</jndi-name>
            <resource-ref>
                <res-ref-name>jdbc/HCDB</res-ref-name>
                <jndi-name>jdbc/HCDB</jndi-name>
            </resource-ref>
        </ejb>
        <ejb>
            <ejb-name>PCY_MousikomiSakujoRirekiEJB</ejb-name>
            <jndi-name>PCY_MousikomiSakujoRirekiEJB</jndi-name>
            <resource-ref>
                <res-ref-name>jdbc/HCDB</res-ref-name>
                <jndi-name>jdbc/HCDB</jndi-name>
            </resource-ref>
        </ejb>
        <ejb>
            <ejb-name>PCY_IkkatuDownLoadEJB</ejb-name>
            <jndi-name>PCY_IkkatuDownLoadEJB</jndi-name>
            <resource-ref>
                <res-ref-name>jdbc/HCDB</res-ref-name>
                <jndi-name>jdbc/HCDB</jndi-name>
            </resource-ref>
        </ejb>
        <ejb>
            <ejb-name>PCY_AccessLogEJB</ejb-name>
            <jndi-name>PCY_AccessLogEJB</jndi-name>
            <resource-ref>
                <res-ref-name>jdbc/HCDB</res-ref-name>
                <jndi-name>jdbc/HCDB</jndi-name>
            </resource-ref>
        </ejb>
        <ejb>
            <ejb-name>PCY_BumonIkuseiEJB</ejb-name>
            <jndi-name>PCY_BumonIkuseiEJB</jndi-name>
            <resource-ref>
                <res-ref-name>jdbc/HCDB</res-ref-name>
                <jndi-name>jdbc/HCDB</jndi-name>
            </resource-ref>
        </ejb>
        <ejb>
            <ejb-name>PCY_KensyuLoadMapEJB</ejb-name>
            <jndi-name>PCY_KensyuLoadMapEJB</jndi-name>
            <resource-ref>
                <res-ref-name>jdbc/HCDB</res-ref-name>
                <jndi-name>jdbc/HCDB</jndi-name>
            </resource-ref>
        </ejb>
        <ejb>
            <ejb-name>PCY_UserDefaultEJB</ejb-name>
            <jndi-name>PCY_UserDefaultEJB</jndi-name>
            <resource-ref>
                <res-ref-name>jdbc/HCDB</res-ref-name>
                <jndi-name>jdbc/HCDB</jndi-name>
            </resource-ref>
        </ejb>
        <ejb>
            <ejb-name>SSOLogin_EJB</ejb-name>
            <jndi-name>SSOLogin_EJB</jndi-name>
            <resource-ref>
                <res-ref-name>jdbc/HCDB</res-ref-name>
                <jndi-name>jdbc/HCDB</jndi-name>
            </resource-ref>
        </ejb>
        <ejb>
            <ejb-name>PCY_JizenkadaiEJB</ejb-name>
            <jndi-name>PCY_JizenkadaiEJB</jndi-name>
            <resource-ref>
                <res-ref-name>jdbc/HCDB</res-ref-name>
                <jndi-name>jdbc/HCDB</jndi-name>
            </resource-ref>
        </ejb>
        <ejb>
            <ejb-name>PCY_JizenkadaiJyokyoEJB</ejb-name>
            <jndi-name>PCY_JizenkadaiJyokyoEJB</jndi-name>
            <resource-ref>
                <res-ref-name>jdbc/HCDB</res-ref-name>
                <jndi-name>jdbc/HCDB</jndi-name>
            </resource-ref>
        </ejb>
        <ejb>
            <ejb-name>PCY_HizukeKubunEJB</ejb-name>
            <jndi-name>PCY_HizukeKubunEJB</jndi-name>
            <resource-ref>
                <res-ref-name>jdbc/HCDB</res-ref-name>
                <jndi-name>jdbc/HCDB</jndi-name>
            </resource-ref>
        </ejb>
        <ejb>
            <ejb-name>PCY_ReportSubmitKikanEJB</ejb-name>
            <jndi-name>PCY_ReportSubmitKikanEJB</jndi-name>
            <resource-ref>
                <res-ref-name>jdbc/HCDB</res-ref-name>
                <jndi-name>jdbc/HCDB</jndi-name>
            </resource-ref>
        </ejb>
        <!-- ejb-jar_performance.xml -->
        <ejb>
            <ejb-name>PED_StoredProcedureUtilityEJB</ejb-name>
            <jndi-name>PED_StoredProcedureUtilityEJB</jndi-name>
            <resource-ref>
                <res-ref-name>jdbc/HCDB</res-ref-name>
                <jndi-name>jdbc/HCDB</jndi-name>
            </resource-ref>
        </ejb>
        <ejb>
            <ejb-name>PED_TotalizePerformanceReportEJB</ejb-name>
            <jndi-name>PED_TotalizePerformanceReportEJB</jndi-name>
            <resource-ref>
                <res-ref-name>jdbc/HCDB</res-ref-name>
                <jndi-name>jdbc/HCDB</jndi-name>
            </resource-ref>
        </ejb>
        <ejb>
            <ejb-name>PED_QuestionnaireAnkenKanriEJB</ejb-name>
            <jndi-name>PED_QuestionnaireAnkenKanriEJB</jndi-name>
            <resource-ref>
                <res-ref-name>jdbc/HCDB</res-ref-name>
                <jndi-name>jdbc/HCDB</jndi-name>
            </resource-ref>
        </ejb>
        <ejb>
            <ejb-name>PED_QuestionnaireAnswerEJB</ejb-name>
            <jndi-name>PED_QuestionnaireAnswerEJB</jndi-name>
            <resource-ref>
                <res-ref-name>jdbc/HCDB</res-ref-name>
                <jndi-name>jdbc/HCDB</jndi-name>
            </resource-ref>
        </ejb>
        <ejb>
            <ejb-name>PED_AnkenTorokuKoshinEJB</ejb-name>
            <jndi-name>PED_AnkenTorokuKoshinEJB</jndi-name>
            <resource-ref>
                <res-ref-name>jdbc/HCDB</res-ref-name>
                <jndi-name>jdbc/HCDB</jndi-name>
            </resource-ref>
        </ejb>
        <ejb>
            <ejb-name>PED_SousinTaisyoSetteiEJB</ejb-name>
            <jndi-name>PED_SousinTaisyoSetteiEJB</jndi-name>
            <resource-ref>
                <res-ref-name>jdbc/HCDB</res-ref-name>
                <jndi-name>jdbc/HCDB</jndi-name>
            </resource-ref>
        </ejb>
        <ejb>
            <ejb-name>PEX_EnqueteMaintenanceKengenEJB</ejb-name>
            <jndi-name>PEX_EnqueteMaintenanceKengenEJB</jndi-name>
            <resource-ref>
                <res-ref-name>jdbc/HCDB</res-ref-name>
                <jndi-name>jdbc/HCDB</jndi-name>
            </resource-ref>
        </ejb>
        <ejb>
            <ejb-name>PED_SoushinKakuninEJB</ejb-name>
            <jndi-name>PED_SoushinKakuninEJB</jndi-name>
            <resource-ref>
                <res-ref-name>jdbc/HCDB</res-ref-name>
                <jndi-name>jdbc/HCDB</jndi-name>
            </resource-ref>
        </ejb>
        <ejb>
            <ejb-name>PED130_TaishoushaSetteiEJB</ejb-name>
            <jndi-name>PED130_TaishoushaSetteiEJB</jndi-name>
            <resource-ref>
                <res-ref-name>jdbc/HCDB</res-ref-name>
                <jndi-name>jdbc/HCDB</jndi-name>
            </resource-ref>
        </ejb>
        <ejb>
            <ejb-name>PED_PerformanceReportEJB</ejb-name>
            <jndi-name>PED_PerformanceReportEJB</jndi-name>
            <resource-ref>
                <res-ref-name>jdbc/HCDB</res-ref-name>
                <jndi-name>jdbc/HCDB</jndi-name>
            </resource-ref>
        </ejb>
        <!-- ejb-jar_personal.xml -->
        <ejb>
            <ejb-name>SearchEmpEJB</ejb-name>
            <jndi-name>SearchEmpEJB</jndi-name>
            <resource-ref>
                <res-ref-name>jdbc/HCDB</res-ref-name>
                <jndi-name>jdbc/HCDB</jndi-name>
            </resource-ref>
        </ejb>
        <ejb>
            <ejb-name>SkillEJB</ejb-name>
            <jndi-name>SkillEJB</jndi-name>
            <resource-ref>
                <res-ref-name>jdbc/HCDB</res-ref-name>
                <jndi-name>jdbc/HCDB</jndi-name>
            </resource-ref>
        </ejb>
        <ejb>
            <ejb-name>SkillElementEJB</ejb-name>
            <jndi-name>SkillElementEJB</jndi-name>
            <resource-ref>
                <res-ref-name>jdbc/HCDB</res-ref-name>
                <jndi-name>jdbc/HCDB</jndi-name>
            </resource-ref>
        </ejb>
        <ejb>
            <ejb-name>KyoikuEJB</ejb-name>
            <jndi-name>KyoikuEJB</jndi-name>
            <resource-ref>
                <res-ref-name>jdbc/HCDB</res-ref-name>
                <jndi-name>jdbc/HCDB</jndi-name>
            </resource-ref>
        </ejb>
        <ejb>
            <ejb-name>SyokumuEJB</ejb-name>
            <jndi-name>SyokumuEJB</jndi-name>
            <resource-ref>
                <res-ref-name>jdbc/HCDB</res-ref-name>
                <jndi-name>jdbc/HCDB</jndi-name>
            </resource-ref>
        </ejb>
        <ejb>
            <ejb-name>SikakuEJB</ejb-name>
            <jndi-name>SikakuEJB</jndi-name>
            <resource-ref>
                <res-ref-name>jdbc/HCDB</res-ref-name>
                <jndi-name>jdbc/HCDB</jndi-name>
            </resource-ref>
        </ejb>
        <ejb>
            <ejb-name>HyosyorekiEJB</ejb-name>
            <jndi-name>HyosyorekiEJB</jndi-name>
            <resource-ref>
                <res-ref-name>jdbc/HCDB</res-ref-name>
                <jndi-name>jdbc/HCDB</jndi-name>
            </resource-ref>
        </ejb>
        <ejb>
            <ejb-name>RonbunEJB</ejb-name>
            <jndi-name>RonbunEJB</jndi-name>
            <resource-ref>
                <res-ref-name>jdbc/HCDB</res-ref-name>
                <jndi-name>jdbc/HCDB</jndi-name>
            </resource-ref>
        </ejb>
        <ejb>
            <ejb-name>SearchKojinEJB</ejb-name>
            <jndi-name>SearchKojinEJB</jndi-name>
            <resource-ref>
                <res-ref-name>jdbc/HCDB</res-ref-name>
                <jndi-name>jdbc/HCDB</jndi-name>
            </resource-ref>
        </ejb>
        <ejb>
            <ejb-name>KimituHogoEJB</ejb-name>
            <jndi-name>KimituHogoEJB</jndi-name>
            <resource-ref>
                <res-ref-name>jdbc/HCDB</res-ref-name>
                <jndi-name>jdbc/HCDB</jndi-name>
            </resource-ref>
        </ejb>
        <ejb>
            <ejb-name>JiyuKensakuEJB</ejb-name>
            <jndi-name>JiyuKensakuEJB</jndi-name>
            <resource-ref>
                <res-ref-name>jdbc/HCDB</res-ref-name>
                <jndi-name>jdbc/HCDB</jndi-name>
            </resource-ref>
        </ejb>
        <ejb>
            <ejb-name>SyagaiEJB</ejb-name>
            <jndi-name>SyagaiEJB</jndi-name>
            <resource-ref>
                <res-ref-name>jdbc/HCDB</res-ref-name>
                <jndi-name>jdbc/HCDB</jndi-name>
            </resource-ref>
        </ejb>
        <ejb>
            <ejb-name>OsiraseEJB</ejb-name>
            <jndi-name>OsiraseEJB</jndi-name>
            <resource-ref>
                <res-ref-name>jdbc/HCDB</res-ref-name>
                <jndi-name>jdbc/HCDB</jndi-name>
            </resource-ref>
        </ejb>
        <ejb>
            <ejb-name>AccesslogEJB</ejb-name>
            <jndi-name>AccesslogEJB</jndi-name>
            <resource-ref>
                <res-ref-name>jdbc/HCDB</res-ref-name>
                <jndi-name>jdbc/HCDB</jndi-name>
            </resource-ref>
        </ejb>
        <ejb>
            <ejb-name>EditPersonalEJB</ejb-name>
            <jndi-name>EditPersonalEJB</jndi-name>
            <resource-ref>
                <res-ref-name>jdbc/HCDB</res-ref-name>
                <jndi-name>jdbc/HCDB</jndi-name>
            </resource-ref>
        </ejb>
        <ejb>
            <ejb-name>KanrimotoEJB</ejb-name>
            <jndi-name>KanrimotoEJB</jndi-name>
            <resource-ref>
                <res-ref-name>jdbc/HCDB</res-ref-name>
                <jndi-name>jdbc/HCDB</jndi-name>
            </resource-ref>
        </ejb>
        <ejb>
            <ejb-name>PAK_SkillElementReportEJB</ejb-name>
            <jndi-name>PAK_SkillElementReportEJB</jndi-name>
            <resource-ref>
                <res-ref-name>jdbc/HCDB</res-ref-name>
                <jndi-name>jdbc/HCDB</jndi-name>
            </resource-ref>
        </ejb>
        <ejb>
            <ejb-name>BumonKanriEJB</ejb-name>
            <jndi-name>BumonKanriEJB</jndi-name>
            <resource-ref>
                <res-ref-name>jdbc/HCDB</res-ref-name>
                <jndi-name>jdbc/HCDB</jndi-name>
            </resource-ref>
        </ejb>
        <!-- ejb-jar_plan.xml -->
        <ejb>
            <ejb-name>PBC_DownloadNaviEJB</ejb-name>
            <jndi-name>PBC_DownloadNaviEJB</jndi-name>
            <resource-ref>
                <res-ref-name>jdbc/HCDB</res-ref-name>
                <jndi-name>jdbc/HCDB</jndi-name>
            </resource-ref>
        </ejb>
        <ejb>
            <ejb-name>PBC_DownloadTeigiSekininsyaEJB</ejb-name>
            <jndi-name>PBC_DownloadTeigiSekininsyaEJB</jndi-name>
            <resource-ref>
                <res-ref-name>jdbc/HCDB</res-ref-name>
                <jndi-name>jdbc/HCDB</jndi-name>
            </resource-ref>
        </ejb>
        <ejb>
            <ejb-name>PBY_TourokuSekininsyaEJB</ejb-name>
            <jndi-name>PBY_TourokuSekininsyaEJB</jndi-name>
            <resource-ref>
                <res-ref-name>jdbc/HCDB</res-ref-name>
                <jndi-name>jdbc/HCDB</jndi-name>
            </resource-ref>
        </ejb>
        <ejb>
            <ejb-name>PBY_SkillStandardEJB</ejb-name>
            <jndi-name>PBY_SkillStandardEJB</jndi-name>
            <resource-ref>
                <res-ref-name>jdbc/HCDB</res-ref-name>
                <jndi-name>jdbc/HCDB</jndi-name>
            </resource-ref>
        </ejb>
        <ejb>
            <ejb-name>PBY_SkillSetumeiEJB</ejb-name>
            <jndi-name>PBY_SkillSetumeiEJB</jndi-name>
            <resource-ref>
                <res-ref-name>jdbc/HCDB</res-ref-name>
                <jndi-name>jdbc/HCDB</jndi-name>
            </resource-ref>
        </ejb>
        <ejb>
            <ejb-name>PBY_AccessLogEJB</ejb-name>
            <jndi-name>PBY_AccessLogEJB</jndi-name>
            <resource-ref>
                <res-ref-name>jdbc/HCDB</res-ref-name>
                <jndi-name>jdbc/HCDB</jndi-name>
            </resource-ref>
        </ejb>
        <ejb>
            <ejb-name>PBA_AssessmentEJB</ejb-name>
            <jndi-name>PBA_AssessmentEJB</jndi-name>
            <resource-ref>
                <res-ref-name>jdbc/HCDB</res-ref-name>
                <jndi-name>jdbc/HCDB</jndi-name>
            </resource-ref>
        </ejb>
        <ejb>
            <ejb-name>PBA_HyokaTaisyosyaEJB</ejb-name>
            <jndi-name>PBA_HyokaTaisyosyaEJB</jndi-name>
            <resource-ref>
                <res-ref-name>jdbc/HCDB</res-ref-name>
                <jndi-name>jdbc/HCDB</jndi-name>
            </resource-ref>
        </ejb>
        <ejb>
            <ejb-name>PBA_SearchPersonEJB</ejb-name>
            <jndi-name>PBA_SearchPersonEJB</jndi-name>
            <resource-ref>
                <res-ref-name>jdbc/HCDB</res-ref-name>
                <jndi-name>jdbc/HCDB</jndi-name>
            </resource-ref>
        </ejb>
        <ejb>
            <ejb-name>PBB_ChallengeEJB</ejb-name>
            <jndi-name>PBB_ChallengeEJB</jndi-name>
            <resource-ref>
                <res-ref-name>jdbc/HCDB</res-ref-name>
                <jndi-name>jdbc/HCDB</jndi-name>
            </resource-ref>
        </ejb>
        <ejb>
            <ejb-name>PBC_NavigationEJB</ejb-name>
            <jndi-name>PBC_NavigationEJB</jndi-name>
            <resource-ref>
                <res-ref-name>jdbc/HCDB</res-ref-name>
                <jndi-name>jdbc/HCDB</jndi-name>
            </resource-ref>
        </ejb>
        <ejb>
            <ejb-name>PBA_MapEJB</ejb-name>
            <jndi-name>PBA_MapEJB</jndi-name>
            <resource-ref>
                <res-ref-name>jdbc/HCDB</res-ref-name>
                <jndi-name>jdbc/HCDB</jndi-name>
            </resource-ref>
        </ejb>
        <ejb>
            <ejb-name>PBX_LevelEJB</ejb-name>
            <jndi-name>PBX_LevelEJB</jndi-name>
            <resource-ref>
                <res-ref-name>jdbc/HCDB</res-ref-name>
                <jndi-name>jdbc/HCDB</jndi-name>
            </resource-ref>
        </ejb>
        <ejb>
            <ejb-name>PBX_TasseidoSihyoEJB</ejb-name>
            <jndi-name>PBX_TasseidoSihyoEJB</jndi-name>
            <resource-ref>
                <res-ref-name>jdbc/HCDB</res-ref-name>
                <jndi-name>jdbc/HCDB</jndi-name>
            </resource-ref>
        </ejb>
        <ejb>
            <ejb-name>PBX_SkillJukutatudoEJB</ejb-name>
            <jndi-name>PBX_SkillJukutatudoEJB</jndi-name>
            <resource-ref>
                <res-ref-name>jdbc/HCDB</res-ref-name>
                <jndi-name>jdbc/HCDB</jndi-name>
            </resource-ref>
        </ejb>
        <ejb>
            <ejb-name>PBX_CareerMainteEJB</ejb-name>
            <jndi-name>PBX_CareerMainteEJB</jndi-name>
            <resource-ref>
                <res-ref-name>jdbc/HCDB</res-ref-name>
                <jndi-name>jdbc/HCDB</jndi-name>
            </resource-ref>
        </ejb>
        <ejb>
            <ejb-name>PBE_SearchChallengeEJB</ejb-name>
            <jndi-name>PBE_SearchChallengeEJB</jndi-name>
            <resource-ref>
                <res-ref-name>jdbc/HCDB</res-ref-name>
                <jndi-name>jdbc/HCDB</jndi-name>
            </resource-ref>
        </ejb>
        <ejb>
            <ejb-name>PBE_SearchMoralEJB</ejb-name>
            <jndi-name>PBE_SearchMoralEJB</jndi-name>
            <resource-ref>
                <res-ref-name>jdbc/HCDB</res-ref-name>
                <jndi-name>jdbc/HCDB</jndi-name>
            </resource-ref>
        </ejb>
        <ejb>
            <ejb-name>PBE_ZensyaJokyoEJB</ejb-name>
            <jndi-name>PBE_ZensyaJokyoEJB</jndi-name>
            <resource-ref>
                <res-ref-name>jdbc/HCDB</res-ref-name>
                <jndi-name>jdbc/HCDB</jndi-name>
            </resource-ref>
        </ejb>
        <ejb>
            <ejb-name>PBE_DownloadEJB</ejb-name>
            <jndi-name>PBE_DownloadEJB</jndi-name>
            <resource-ref>
                <res-ref-name>jdbc/HCDB</res-ref-name>
                <jndi-name>jdbc/HCDB</jndi-name>
            </resource-ref>
        </ejb>
        <ejb>
            <ejb-name>PBY_DisplayFilterEJB</ejb-name>
            <jndi-name>PBY_DisplayFilterEJB</jndi-name>
            <resource-ref>
                <res-ref-name>jdbc/HCDB</res-ref-name>
                <jndi-name>jdbc/HCDB</jndi-name>
            </resource-ref>
        </ejb>
        <ejb>
            <ejb-name>PBA_AssessTotalEJB</ejb-name>
            <jndi-name>PBA_AssessTotalEJB</jndi-name>
            <resource-ref>
                <res-ref-name>jdbc/HCDB</res-ref-name>
                <jndi-name>jdbc/HCDB</jndi-name>
            </resource-ref>
        </ejb>
        <ejb>
            <ejb-name>PBY_PersonalEJB</ejb-name>
            <jndi-name>PBY_PersonalEJB</jndi-name>
            <resource-ref>
                <res-ref-name>jdbc/HCDB</res-ref-name>
                <jndi-name>jdbc/HCDB</jndi-name>
            </resource-ref>
        </ejb>
        <ejb>
            <ejb-name>PBG_SectionDefinitionEJB</ejb-name>
            <jndi-name>PBG_SectionDefinitionEJB</jndi-name>
            <resource-ref>
                <res-ref-name>jdbc/HCDB</res-ref-name>
                <jndi-name>jdbc/HCDB</jndi-name>
            </resource-ref>
        </ejb>
        <ejb>
            <ejb-name>PEE_HyokaSheetEJB</ejb-name>
            <jndi-name>PEE_HyokaSheetEJB</jndi-name>
            <resource-ref>
                <res-ref-name>jdbc/HCDB</res-ref-name>
                <jndi-name>jdbc/HCDB</jndi-name>
            </resource-ref>
        </ejb>
        <ejb>
            <ejb-name>PBX_HyokaSheetSanshoEJB</ejb-name>
            <jndi-name>PBX_HyokaSheetSanshoEJB</jndi-name>
            <resource-ref>
                <res-ref-name>jdbc/HCDB</res-ref-name>
                <jndi-name>jdbc/HCDB</jndi-name>
            </resource-ref>
        </ejb>
        <ejb>
            <ejb-name>PBX_CareerChallengeMainteEJB</ejb-name>
            <jndi-name>PBX_CareerChallengeMainteEJB</jndi-name>
            <resource-ref>
                <res-ref-name>jdbc/HCDB</res-ref-name>
                <jndi-name>jdbc/HCDB</jndi-name>
            </resource-ref>
        </ejb>
    </enterprise-beans>
</sun-ejb-jar>
