<?xml version="1.0" encoding="MS932"?>

<!DOCTYPE ejb-jar PUBLIC "-//Sun Microsystems, Inc.//DTD Enterprise JavaBeans 1.1//EN" "http://java.sun.com/j2ee/dtds/ejb-jar_1_1.dtd">

<ejb-jar>
    <display-name>baseEJB</display-name>
    <enterprise-beans>
        <session>
            <display-name>PYF_BlobDBAccessOracleEJB</display-name>
            <ejb-name>PYF_BlobDBAccessOracleEJB</ejb-name>
            <home>jp.co.hisas.career.base.blob.ejb.PYF_BlobDBAccessEJBHome</home>
            <remote>jp.co.hisas.career.base.blob.ejb.PYF_BlobDBAccessEJB</remote>
            <ejb-class>jp.co.hisas.career.base.blob.ejb.PYF_BlobDBAccessOracleEJBBean</ejb-class>
            <session-type>Stateless</session-type>
            <transaction-type>Container</transaction-type>
            <resource-ref>
                <res-ref-name>jdbc/HCDB</res-ref-name>
                <res-type>javax.sql.DataSource</res-type>
                <res-auth>Container</res-auth>
            </resource-ref>
        </session>
        <session>
            <display-name>PYF_BlobDBAccessCosmiEJB</display-name>
            <ejb-name>PYF_BlobDBAccessCosmiEJB</ejb-name>
            <home>jp.co.hisas.career.base.blob.ejb.PYF_BlobDBAccessEJBHome</home>
            <remote>jp.co.hisas.career.base.blob.ejb.PYF_BlobDBAccessEJB</remote>
            <ejb-class>jp.co.hisas.career.base.blob.ejb.PYF_BlobDBAccessCosmiEJBBean</ejb-class>
            <session-type>Stateless</session-type>
            <transaction-type>Container</transaction-type>
            <resource-ref>
                <res-ref-name>jdbc/HCDB</res-ref-name>
                <res-type>javax.sql.DataSource</res-type>
                <res-auth>Container</res-auth>
            </resource-ref>
        </session>
        <session>
            <display-name>CodeEJB</display-name>
            <ejb-name>CodeEJB</ejb-name>
            <home>jp.co.hisas.career.base.code.ejb.CodeEJBHome</home>
            <remote>jp.co.hisas.career.base.code.ejb.CodeEJB</remote>
            <ejb-class>jp.co.hisas.career.base.code.ejb.CodeEJBBean</ejb-class>
            <session-type>Stateless</session-type>
            <transaction-type>Container</transaction-type>
            <resource-ref>
                <res-ref-name>jdbc/HCDB</res-ref-name>
                <res-type>javax.sql.DataSource</res-type>
                <res-auth>Container</res-auth>
            </resource-ref>
        </session>
        <session>
            <display-name>SosikiEJB</display-name>
            <ejb-name>SosikiEJB</ejb-name>
            <home>jp.co.hisas.career.base.sosiki.ejb.SosikiEJBHome</home>
            <remote>jp.co.hisas.career.base.sosiki.ejb.SosikiEJB</remote>
            <ejb-class>jp.co.hisas.career.base.sosiki.ejb.SosikiEJBBean</ejb-class>
            <session-type>Stateless</session-type>
            <transaction-type>Container</transaction-type>
            <resource-ref>
                <res-ref-name>jdbc/HCDB</res-ref-name>
                <res-type>javax.sql.DataSource</res-type>
                <res-auth>Container</res-auth>
            </resource-ref>
        </session>
        <session>
            <display-name>PYG_MessageSenderEJB</display-name>
            <ejb-name>PYG_MessageSenderEJB</ejb-name>
            <home>jp.co.hisas.career.base.mail.ejb.PYG_MessageSenderEJBHome</home>
            <remote>jp.co.hisas.career.base.mail.ejb.PYG_MessageSenderEJB</remote>
            <ejb-class>jp.co.hisas.career.base.mail.ejb.PYG_MessageSenderEJBBean</ejb-class>
            <session-type>Stateless</session-type>
            <transaction-type>Container</transaction-type>
            <resource-ref>
                <res-ref-name>jdbc/HCDB</res-ref-name>
                <res-type>javax.sql.DataSource</res-type>
                <res-auth>Container</res-auth>
            </resource-ref>
        </session>
        <session>
            <display-name>YakusyokuEJB</display-name>
            <ejb-name>YakusyokuEJB</ejb-name>
            <home>jp.co.hisas.career.base.yakusyoku.ejb.YakusyokuEJBHome</home>
            <remote>jp.co.hisas.career.base.yakusyoku.ejb.YakusyokuEJB</remote>
            <ejb-class>jp.co.hisas.career.base.yakusyoku.ejb.YakusyokuEJBBean</ejb-class>
            <session-type>Stateless</session-type>
            <transaction-type>Container</transaction-type>
            <resource-ref>
                <res-ref-name>jdbc/HCDB</res-ref-name>
                <res-type>javax.sql.DataSource</res-type>
                <res-auth>Container</res-auth>
            </resource-ref>
        </session>
        <session>
            <display-name>OutLogEJB</display-name>
            <ejb-name>OutLogEJB</ejb-name>
            <home>jp.co.hisas.career.util.log.ejb.OutLogEJBHome</home>
            <remote>jp.co.hisas.career.util.log.ejb.OutLogEJB</remote>
            <ejb-class>jp.co.hisas.career.util.log.ejb.OutLogEJBBean</ejb-class>
            <session-type>Stateless</session-type>
            <transaction-type>Container</transaction-type>
            <resource-ref>
                <res-ref-name>jdbc/HCDB</res-ref-name>
                <res-type>javax.sql.DataSource</res-type>
                <res-auth>Container</res-auth>
            </resource-ref>
        </session>
        <session>
            <display-name>CommonParameterEJB</display-name>
            <ejb-name>CommonParameterEJB</ejb-name>
            <home>jp.co.hisas.career.util.property.ejb.CommonParameterEJBHome</home>
            <remote>jp.co.hisas.career.util.property.ejb.CommonParameterEJB</remote>
            <ejb-class>jp.co.hisas.career.util.property.ejb.CommonParameterEJBBean</ejb-class>
            <session-type>Stateless</session-type>
            <transaction-type>Container</transaction-type>
            <resource-ref>
                <res-ref-name>jdbc/HCDB</res-ref-name>
                <res-type>javax.sql.DataSource</res-type>
                <res-auth>Container</res-auth>
            </resource-ref>
        </session>
        <session>
            <display-name>KengenEJB</display-name>
            <ejb-name>KengenEJB</ejb-name>
            <home>jp.co.hisas.career.base.kengen.ejb.KengenEJBHome</home>
            <remote>jp.co.hisas.career.base.kengen.ejb.KengenEJB</remote>
            <ejb-class>jp.co.hisas.career.base.kengen.ejb.KengenEJBBean</ejb-class>
            <session-type>Stateless</session-type>
            <transaction-type>Container</transaction-type>
            <resource-ref>
                <res-ref-name>jdbc/HCDB</res-ref-name>
                <res-type>javax.sql.DataSource</res-type>
                <res-auth>Container</res-auth>
            </resource-ref>
        </session>
        <session>
            <display-name>KnowledgeDocEJB</display-name>
            <ejb-name>KnowledgeDocEJB</ejb-name>
            <home>jp.co.hisas.career.base.knowledge.ejb.KnowledgeDocEJBHome</home>
            <remote>jp.co.hisas.career.base.knowledge.ejb.KnowledgeDocEJB</remote>
            <ejb-class>jp.co.hisas.career.base.knowledge.ejb.KnowledgeDocEJBBean</ejb-class>
            <session-type>Stateless</session-type>
            <transaction-type>Container</transaction-type>
            <resource-ref>
                <res-ref-name>jdbc/HCDB</res-ref-name>
                <res-type>javax.sql.DataSource</res-type>
                <res-auth>Container</res-auth>
            </resource-ref>
        </session>
        <session>
            <display-name>PYB_PortalEJB</display-name>
            <ejb-name>PYB_PortalEJB</ejb-name>
            <home>jp.co.hisas.career.base.portal.ejb.PYB_PortalEJBHome</home>
            <remote>jp.co.hisas.career.base.portal.ejb.PYB_PortalEJB</remote>
            <ejb-class>jp.co.hisas.career.base.portal.ejb.PYB_PortalEJBBean</ejb-class>
            <session-type>Stateless</session-type>
            <transaction-type>Container</transaction-type>
            <resource-ref>
                <res-ref-name>jdbc/HCDB</res-ref-name>
                <res-type>javax.sql.DataSource</res-type>
                <res-auth>Container</res-auth>
            </resource-ref>
        </session>
    </enterprise-beans>
    <assembly-descriptor>
        <container-transaction>
            <method>
                <ejb-name>CodeEJB</ejb-name>
                <method-name>*</method-name>
            </method>
            <trans-attribute>Required</trans-attribute>
        </container-transaction>
        <container-transaction>
            <method>
                <ejb-name>PYF_BlobDBAccessOracleEJB</ejb-name>
                <method-name>*</method-name>
            </method>
            <trans-attribute>Required</trans-attribute>
        </container-transaction>
        <container-transaction>
            <method>
                <ejb-name>PYF_BlobDBAccessCosmiEJB</ejb-name>
                <method-name>*</method-name>
            </method>
            <trans-attribute>Required</trans-attribute>
        </container-transaction>
        <container-transaction>
            <method>
                <ejb-name>PYG_MessageSenderEJB</ejb-name>
                <method-name>*</method-name>
            </method>
            <trans-attribute>Required</trans-attribute>
        </container-transaction>
        <container-transaction>
            <method>
                <ejb-name>SosikiEJB</ejb-name>
                <method-name>*</method-name>
            </method>
            <trans-attribute>Required</trans-attribute>
        </container-transaction>
        <container-transaction>
            <method>
                <ejb-name>YakusyokuEJB</ejb-name>
                <method-name>*</method-name>
            </method>
            <trans-attribute>Required</trans-attribute>
        </container-transaction>
        <container-transaction>
            <method>
                <ejb-name>OutLogEJB</ejb-name>
                <method-name>*</method-name>
            </method>
            <trans-attribute>Required</trans-attribute>
        </container-transaction>
        <container-transaction>
            <method>
                <ejb-name>CommonParameterEJB</ejb-name>
                <method-name>*</method-name>
            </method>
            <trans-attribute>Required</trans-attribute>
        </container-transaction>
        <container-transaction>
            <method>
                <ejb-name>KengenEJB</ejb-name>
                <method-name>*</method-name>
            </method>
            <trans-attribute>Required</trans-attribute>
        </container-transaction>
        <container-transaction>
            <method>
                <ejb-name>KnowledgeDocEJB</ejb-name>
                <method-name>*</method-name>
            </method>
            <trans-attribute>Required</trans-attribute>
        </container-transaction>
        <container-transaction>
            <method>
                <ejb-name>PYB_PortalEJB</ejb-name>
                <method-name>*</method-name>
            </method>
            <trans-attribute>Required</trans-attribute>
        </container-transaction>
    </assembly-descriptor>
</ejb-jar>
