<?xml version="1.0" encoding="MS932"?>
<!DOCTYPE ejb-jar PUBLIC "-//Sun Microsystems, Inc.//DTD Enterprise JavaBeans 2.0//EN" "http://java.sun.com/dtd/ejb-jar_2_0.dtd">
<sun-ejb-jar>
    <enterprise-beans>
        <ejb>
            <ejb-name>PEB_KouboAnkenEJB</ejb-name>
            <jndi-name>PEB_KouboAnkenEJB</jndi-name>
            <resource-ref>
                <res-ref-name>jdbc/HCDB</res-ref-name>
                <jndi-name>jdbc/HCDB</jndi-name>
            </resource-ref>
        </ejb>
        <ejb>
            <ejb-name>PEB_SuccessOrFailureEJB</ejb-name>
            <jndi-name>PEB_SuccessOrFailureEJB</jndi-name>
            <resource-ref>
                <res-ref-name>jdbc/HCDB</res-ref-name>
                <jndi-name>jdbc/HCDB</jndi-name>
            </resource-ref>
        </ejb>
        <ejb>
            <ejb-name>PEY_CodeEJB</ejb-name>
            <jndi-name>PEY_CodeEJB</jndi-name>
            <resource-ref>
                <res-ref-name>jdbc/HCDB</res-ref-name>
                <jndi-name>jdbc/HCDB</jndi-name>
            </resource-ref>
        </ejb>
        <ejb>
            <ejb-name>PEY_PersonalEJB</ejb-name>
            <jndi-name>PEY_PersonalEJB</jndi-name>
            <resource-ref>
                <res-ref-name>jdbc/HCDB</res-ref-name>
                <jndi-name>jdbc/HCDB</jndi-name>
            </resource-ref>
        </ejb>
        <ejb>
            <ejb-name>PEB_KouboAnkenOuboEJB</ejb-name>
            <jndi-name>PEB_KouboAnkenOuboEJB</jndi-name>
            <resource-ref>
                <res-ref-name>jdbc/HCDB</res-ref-name>
                <jndi-name>jdbc/HCDB</jndi-name>
            </resource-ref>
        </ejb>
        <ejb>
            <ejb-name>PEB_KouboAnkenAssessumentRirekiEJB</ejb-name>
            <jndi-name>PEB_KouboAnkenAssessumentRirekiEJB</jndi-name>
            <resource-ref>
                <res-ref-name>jdbc/HCDB</res-ref-name>
                <jndi-name>jdbc/HCDB</jndi-name>
            </resource-ref>
        </ejb>
        <ejb>
            <ejb-name>PEB_ShinsaKekkaSetteiEJB</ejb-name>
            <jndi-name>PEB_ShinsaKekkaSetteiEJB</jndi-name>
            <resource-ref>
                <res-ref-name>jdbc/HCDB</res-ref-name>
                <jndi-name>jdbc/HCDB</jndi-name>
            </resource-ref>
        </ejb>
        <ejb>
            <ejb-name>PEB_HonninTuuchiEJB</ejb-name>
            <jndi-name>PEB_HonninTuuchiEJB</jndi-name>
            <resource-ref>
                <res-ref-name>jdbc/HCDB</res-ref-name>
                <jndi-name>jdbc/HCDB</jndi-name>
            </resource-ref>
        </ejb>
        <ejb>
            <ejb-name>PEB_ShinsaKekkaTsuuchiEJB</ejb-name>
            <jndi-name>PEB_ShinsaKekkaTsuuchiEJB</jndi-name>
            <resource-ref>
                <res-ref-name>jdbc/HCDB</res-ref-name>
                <jndi-name>jdbc/HCDB</jndi-name>
            </resource-ref>
        </ejb>
        <ejb>
            <ejb-name>PEY_KouboOubosyaEJB</ejb-name>
            <jndi-name>PEY_KouboOubosyaEJB</jndi-name>
            <resource-ref>
                <res-ref-name>jdbc/HCDB</res-ref-name>
                <jndi-name>jdbc/HCDB</jndi-name>
            </resource-ref>
        </ejb>
        <ejb>
            <ejb-name>PEB_KouboAnkenSakuseiEJB</ejb-name>
            <jndi-name>PEB_KouboAnkenSakuseiEJB</jndi-name>
            <resource-ref>
                <res-ref-name>jdbc/HCDB</res-ref-name>
                <jndi-name>jdbc/HCDB</jndi-name>
            </resource-ref>
        </ejb>
        <ejb>
            <ejb-name>PEB_NijiShinsaGouhiSetteiEJB</ejb-name>
            <jndi-name>PEB_NijiShinsaGouhiSetteiEJB</jndi-name>
            <resource-ref>
                <res-ref-name>jdbc/HCDB</res-ref-name>
                <jndi-name>jdbc/HCDB</jndi-name>
            </resource-ref>
        </ejb>
        <ejb>
            <ejb-name>PEB_OubosyaJyohoEJB</ejb-name>
            <jndi-name>PEB_OubosyaJyohoEJB</jndi-name>
            <resource-ref>
                <res-ref-name>jdbc/HCDB</res-ref-name>
                <jndi-name>jdbc/HCDB</jndi-name>
            </resource-ref>
        </ejb>
        <ejb>
            <ejb-name>PEB_KanrisyaEJB</ejb-name>
            <jndi-name>PEB_KanrisyaEJB</jndi-name>
            <resource-ref>
                <res-ref-name>jdbc/HCDB</res-ref-name>
                <jndi-name>jdbc/HCDB</jndi-name>
            </resource-ref>
        </ejb>
        <ejb>
            <ejb-name>PEB_KouboMenuEJB</ejb-name>
            <jndi-name>PEB_KouboMenuEJB</jndi-name>
            <resource-ref>
                <res-ref-name>jdbc/HCDB</res-ref-name>
                <jndi-name>jdbc/HCDB</jndi-name>
            </resource-ref>
        </ejb>
        <ejb>
            <ejb-name>PEB_IchijiShinsaGouhiSetteiEJB</ejb-name>
            <jndi-name>PEB_IchijiShinsaGouhiSetteiEJB</jndi-name>
            <resource-ref>
                <res-ref-name>jdbc/HCDB</res-ref-name>
                <jndi-name>jdbc/HCDB</jndi-name>
            </resource-ref>
        </ejb>
        <ejb>
            <ejb-name>PEB_OuboKanriEJB</ejb-name>
            <jndi-name>PEB_OuboKanriEJB</jndi-name>
            <resource-ref>
                <res-ref-name>jdbc/HCDB</res-ref-name>
                <jndi-name>jdbc/HCDB</jndi-name>
            </resource-ref>
        </ejb>
        <ejb>
            <ejb-name>PEY_KouboEJB</ejb-name>
            <jndi-name>PEY_KouboEJB</jndi-name>
            <resource-ref>
                <res-ref-name>jdbc/HCDB</res-ref-name>
                <jndi-name>jdbc/HCDB</jndi-name>
            </resource-ref>
        </ejb>
        <ejb>
            <ejb-name>PEB_SaiyousyaKetteiEJB</ejb-name>
            <jndi-name>PEB_SaiyousyaKetteiEJB</jndi-name>
            <resource-ref>
                <res-ref-name>jdbc/HCDB</res-ref-name>
                <jndi-name>jdbc/HCDB</jndi-name>
            </resource-ref>
        </ejb>
        <ejb>
            <ejb-name>PEA010_ForumEJB</ejb-name>
            <jndi-name>PEA010_ForumEJB</jndi-name>
            <resource-ref>
                <res-ref-name>jdbc/HCDB</res-ref-name>
                <jndi-name>jdbc/HCDB</jndi-name>
            </resource-ref>
        </ejb>
        <ejb>
            <ejb-name>PEA_SankaHanteiEJB</ejb-name>
            <jndi-name>PEA_SankaHanteiEJB</jndi-name>
            <resource-ref>
                <res-ref-name>jdbc/HCDB</res-ref-name>
                <jndi-name>jdbc/HCDB</jndi-name>
            </resource-ref>
        </ejb>
        <ejb>
            <ejb-name>PEA_ForumEJB</ejb-name>
            <jndi-name>PEA_ForumEJB</jndi-name>
            <resource-ref>
                <res-ref-name>jdbc/HCDB</res-ref-name>
                <jndi-name>jdbc/HCDB</jndi-name>
            </resource-ref>
        </ejb>
        <ejb>
            <ejb-name>PEA_ToukouEJB</ejb-name>
            <jndi-name>PEA_ToukouEJB</jndi-name>
            <resource-ref>
                <res-ref-name>jdbc/HCDB</res-ref-name>
                <jndi-name>jdbc/HCDB</jndi-name>
            </resource-ref>
        </ejb>
        <ejb>
            <ejb-name>PEY_CounterEJB</ejb-name>
            <jndi-name>PEY_CounterEJB</jndi-name>
            <resource-ref>
                <res-ref-name>jdbc/HCDB</res-ref-name>
                <jndi-name>jdbc/HCDB</jndi-name>
            </resource-ref>
        </ejb>
        <ejb>
            <ejb-name>PEC_DownloadEJB</ejb-name>
            <jndi-name>PEC_DownloadEJB</jndi-name>
            <resource-ref>
                <res-ref-name>jdbc/HCDB</res-ref-name>
                <jndi-name>jdbc/HCDB</jndi-name>
            </resource-ref>
        </ejb>
    </enterprise-beans>
</sun-ejb-jar>
