<?xml version="1.0" encoding="MS932"?>
<!DOCTYPE ejb-jar PUBLIC "-//Sun Microsystems, Inc.//DTD Enterprise JavaBeans 2.0//EN" "http://java.sun.com/dtd/ejb-jar_2_0.dtd">
<sun-ejb-jar>
    <enterprise-beans>
        <ejb>
            <ejb-name>PED_StoredProcedureUtilityEJB</ejb-name>
            <jndi-name>PED_StoredProcedureUtilityEJB</jndi-name>
            <resource-ref>
                <res-ref-name>jdbc/HCDB</res-ref-name>
                <jndi-name>jdbc/HCDB</jndi-name>
            </resource-ref>
        </ejb>
        <ejb>
            <ejb-name>PED_TotalizePerformanceReportEJB</ejb-name>
            <jndi-name>PED_TotalizePerformanceReportEJB</jndi-name>
            <resource-ref>
                <res-ref-name>jdbc/HCDB</res-ref-name>
                <jndi-name>jdbc/HCDB</jndi-name>
            </resource-ref>
        </ejb>
        <ejb>
            <ejb-name>PED_QuestionnaireAnkenKanriEJB</ejb-name>
            <jndi-name>PED_QuestionnaireAnkenKanriEJB</jndi-name>
            <resource-ref>
                <res-ref-name>jdbc/HCDB</res-ref-name>
                <jndi-name>jdbc/HCDB</jndi-name>
            </resource-ref>
        </ejb>
        <ejb>
            <ejb-name>PED_QuestionnaireAnswerEJB</ejb-name>
            <jndi-name>PED_QuestionnaireAnswerEJB</jndi-name>
            <resource-ref>
                <res-ref-name>jdbc/HCDB</res-ref-name>
                <jndi-name>jdbc/HCDB</jndi-name>
            </resource-ref>
        </ejb>
        <ejb>
            <ejb-name>PED_AnkenTorokuKoshinEJB</ejb-name>
            <jndi-name>PED_AnkenTorokuKoshinEJB</jndi-name>
            <resource-ref>
                <res-ref-name>jdbc/HCDB</res-ref-name>
                <jndi-name>jdbc/HCDB</jndi-name>
            </resource-ref>
        </ejb>
        <ejb>
            <ejb-name>PED_SousinTaisyoSetteiEJB</ejb-name>
            <jndi-name>PED_SousinTaisyoSetteiEJB</jndi-name>
            <resource-ref>
                <res-ref-name>jdbc/HCDB</res-ref-name>
                <jndi-name>jdbc/HCDB</jndi-name>
            </resource-ref>
        </ejb>
        <ejb>
            <ejb-name>PEX_EnqueteMaintenanceKengenEJB</ejb-name>
            <jndi-name>PEX_EnqueteMaintenanceKengenEJB</jndi-name>
            <resource-ref>
                <res-ref-name>jdbc/HCDB</res-ref-name>
                <jndi-name>jdbc/HCDB</jndi-name>
            </resource-ref>
        </ejb>
        <ejb>
            <ejb-name>PED_SoushinKakuninEJB</ejb-name>
            <jndi-name>PED_SoushinKakuninEJB</jndi-name>
            <resource-ref>
                <res-ref-name>jdbc/HCDB</res-ref-name>
                <jndi-name>jdbc/HCDB</jndi-name>
            </resource-ref>
        </ejb>
        <ejb>
            <ejb-name>PED130_TaishoushaSetteiEJB</ejb-name>
            <jndi-name>PED130_TaishoushaSetteiEJB</jndi-name>
            <resource-ref>
                <res-ref-name>jdbc/HCDB</res-ref-name>
                <jndi-name>jdbc/HCDB</jndi-name>
            </resource-ref>
        </ejb>
        <ejb>
            <ejb-name>PED_PerformanceReportEJB</ejb-name>
            <jndi-name>PED_PerformanceReportEJB</jndi-name>
            <resource-ref>
                <res-ref-name>jdbc/HCDB</res-ref-name>
                <jndi-name>jdbc/HCDB</jndi-name>
            </resource-ref>
        </ejb>
    </enterprise-beans>
</sun-ejb-jar>
