<?xml version="1.0" encoding="MS932"?>
<!DOCTYPE ejb-jar PUBLIC "-//Sun Microsystems, Inc.//DTD Enterprise JavaBeans 2.0//EN" "http://java.sun.com/dtd/ejb-jar_2_0.dtd">
<sun-ejb-jar>
    <enterprise-beans>
        <ejb>
            <ejb-name>ImportPersonalEJB</ejb-name>
            <jndi-name>ImportPersonalEJB</jndi-name>
            <resource-ref>
                <res-ref-name>jdbc/HCDB</res-ref-name>
                <jndi-name>jdbc/HCDB</jndi-name>
            </resource-ref>
        </ejb>
        <ejb>
            <ejb-name>SoshikiEditorEJB</ejb-name>
            <jndi-name>SoshikiEditorEJB</jndi-name>
            <resource-ref>
                <res-ref-name>jdbc/HCDB</res-ref-name>
                <jndi-name>jdbc/HCDB</jndi-name>
            </resource-ref>
        </ejb>
        <ejb>
            <ejb-name>ContencyCheckerEJB</ejb-name>
            <jndi-name>ContencyCheckerEJB</jndi-name>
            <resource-ref>
                <res-ref-name>jdbc/HCDB</res-ref-name>
                <jndi-name>jdbc/HCDB</jndi-name>
            </resource-ref>
        </ejb>
        <ejb>
            <ejb-name>PCY_FollowMailSenderEJB</ejb-name>
            <jndi-name>PCY_FollowMailSenderEJB</jndi-name>
            <resource-ref>
                <res-ref-name>jdbc/HCDB</res-ref-name>
                <jndi-name>jdbc/HCDB</jndi-name>
            </resource-ref>
        </ejb>
        <ejb>
            <ejb-name>PCY_SasimodosiDaoEJB</ejb-name>
            <jndi-name>PCY_SasimodosiDaoEJB</jndi-name>
            <resource-ref>
                <res-ref-name>jdbc/HCDB</res-ref-name>
                <jndi-name>jdbc/HCDB</jndi-name>
            </resource-ref>
        </ejb>
        <ejb>
            <ejb-name>PCY_SasimodosiEJB</ejb-name>
            <jndi-name>PCY_SasimodosiEJB</jndi-name>
            <resource-ref>
                <res-ref-name>jdbc/HCDB</res-ref-name>
                <jndi-name>jdbc/HCDB</jndi-name>
            </resource-ref>
        </ejb>
        <ejb>
            <ejb-name>PCY_TorikesiUketukeEJB</ejb-name>
            <jndi-name>PCY_TorikesiUketukeEJB</jndi-name>
            <resource-ref>
                <res-ref-name>jdbc/HCDB</res-ref-name>
                <jndi-name>jdbc/HCDB</jndi-name>
            </resource-ref>
        </ejb>
        <ejb>
            <ejb-name>PCY_TorikesiUketukeDaoEJB</ejb-name>
            <jndi-name>PCY_TorikesiUketukeDaoEJB</jndi-name>
            <resource-ref>
                <res-ref-name>jdbc/HCDB</res-ref-name>
                <jndi-name>jdbc/HCDB</jndi-name>
            </resource-ref>
        </ejb>
        <ejb>
            <ejb-name>PCY_KaikoTuchiDaoEJB</ejb-name>
            <jndi-name>PCY_KaikoTuchiDaoEJB</jndi-name>
            <resource-ref>
                <res-ref-name>jdbc/HCDB</res-ref-name>
                <jndi-name>jdbc/HCDB</jndi-name>
            </resource-ref>
        </ejb>
        <ejb>
            <ejb-name>PCY_MisyouninChikusekiDaoEJB</ejb-name>
            <jndi-name>PCY_MisyouninChikusekiDaoEJB</jndi-name>
            <resource-ref>
                <res-ref-name>jdbc/HCDB</res-ref-name>
                <jndi-name>jdbc/HCDB</jndi-name>
            </resource-ref>
        </ejb>
        <ejb>
            <ejb-name>PCY_MisyoriChikusekiDaoEJB</ejb-name>
            <jndi-name>PCY_MisyoriChikusekiDaoEJB</jndi-name>
            <resource-ref>
                <res-ref-name>jdbc/HCDB</res-ref-name>
                <jndi-name>jdbc/HCDB</jndi-name>
            </resource-ref>
        </ejb>
        <ejb>
            <ejb-name>PCY_JyotaiSeniDaoEJB</ejb-name>
            <jndi-name>PCY_JyotaiSeniDaoEJB</jndi-name>
            <resource-ref>
                <res-ref-name>jdbc/HCDB</res-ref-name>
                <jndi-name>jdbc/HCDB</jndi-name>
            </resource-ref>
        </ejb>
        <ejb>
            <ejb-name>PCY_MousikomiFollowMailSenderEJB</ejb-name>
            <jndi-name>PCY_MousikomiFollowMailSenderEJB</jndi-name>
            <resource-ref>
                <res-ref-name>jdbc/HCDB</res-ref-name>
                <jndi-name>jdbc/HCDB</jndi-name>
            </resource-ref>
        </ejb>
    </enterprise-beans>
</sun-ejb-jar>
