<?xml version="1.0" encoding="UTF-8"?>
<!DOCTYPE sun-web-app PUBLIC '-//Sun Microsystems, Inc.//DTD Sun ONE Application Server 7.0 Servlet 2.3//EN' 'http://www.sun.com/software/sunone/appserver/dtds/sun-web-app_2_3-0.dtd'>
<sun-web-app>
    <session-config>
        <cookie-properties>
            <property name="cookieHttpOnly" value="false"/>
        </cookie-properties>
    </session-config>
    <resource-ref>
        <res-ref-name>jdbc/HCDB</res-ref-name>
        <jndi-name>jdbc/HCDB</jndi-name>
    </resource-ref>
</sun-web-app>
