<?xml version="1.0" encoding="MS932"?>
<!DOCTYPE ejb-jar PUBLIC "-//Sun Microsystems, Inc.//DTD Enterprise JavaBeans 2.0//EN" "http://java.sun.com/dtd/ejb-jar_2_0.dtd">
<sun-ejb-jar>
    <enterprise-beans>
        <ejb>
            <ejb-name>PYF_BlobDBAccessOracleEJB</ejb-name>
            <jndi-name>PYF_BlobDBAccessOracleEJB</jndi-name>
            <resource-ref>
                <res-ref-name>jdbc/HCDB</res-ref-name>
                <jndi-name>jdbc/HCDB</jndi-name>
            </resource-ref>
        </ejb>
        <ejb>
            <ejb-name>PYF_BlobDBAccessCosmiEJB</ejb-name>
            <jndi-name>PYF_BlobDBAccessCosmiEJB</jndi-name>
            <resource-ref>
                <res-ref-name>jdbc/HCDB</res-ref-name>
                <jndi-name>jdbc/HCDB</jndi-name>
            </resource-ref>
        </ejb>
        <ejb>
            <ejb-name>CodeEJB</ejb-name>
            <jndi-name>CodeEJB</jndi-name>
            <resource-ref>
                <res-ref-name>jdbc/HCDB</res-ref-name>
                <jndi-name>jdbc/HCDB</jndi-name>
            </resource-ref>
        </ejb>
        <ejb>
            <ejb-name>SosikiEJB</ejb-name>
            <jndi-name>SosikiEJB</jndi-name>
            <resource-ref>
                <res-ref-name>jdbc/HCDB</res-ref-name>
                <jndi-name>jdbc/HCDB</jndi-name>
            </resource-ref>
        </ejb>
        <ejb>
            <ejb-name>PYG_MessageSenderEJB</ejb-name>
            <jndi-name>PYG_MessageSenderEJB</jndi-name>
            <resource-ref>
                <res-ref-name>jdbc/HCDB</res-ref-name>
                <jndi-name>jdbc/HCDB</jndi-name>
            </resource-ref>
        </ejb>
        <ejb>
            <ejb-name>YakusyokuEJB</ejb-name>
            <jndi-name>YakusyokuEJB</jndi-name>
            <resource-ref>
                <res-ref-name>jdbc/HCDB</res-ref-name>
                <jndi-name>jdbc/HCDB</jndi-name>
            </resource-ref>
        </ejb>
        <ejb>
            <ejb-name>OutLogEJB</ejb-name>
            <jndi-name>OutLogEJB</jndi-name>
            <resource-ref>
                <res-ref-name>jdbc/HCDB</res-ref-name>
                <jndi-name>jdbc/HCDB</jndi-name>
            </resource-ref>
        </ejb>
        <ejb>
            <ejb-name>CommonParameterEJB</ejb-name>
            <jndi-name>CommonParameterEJB</jndi-name>
            <resource-ref>
                <res-ref-name>jdbc/HCDB</res-ref-name>
                <jndi-name>jdbc/HCDB</jndi-name>
            </resource-ref>
        </ejb>
        <ejb>
            <ejb-name>KengenEJB</ejb-name>
            <jndi-name>KengenEJB</jndi-name>
            <resource-ref>
                <res-ref-name>jdbc/HCDB</res-ref-name>
                <jndi-name>jdbc/HCDB</jndi-name>
            </resource-ref>
        </ejb>
        <ejb>
            <ejb-name>KnowledgeDocEJB</ejb-name>
            <jndi-name>KnowledgeDocEJB</jndi-name>
            <resource-ref>
                <res-ref-name>jdbc/HCDB</res-ref-name>
                <jndi-name>jdbc/HCDB</jndi-name>
            </resource-ref>
        </ejb>
        <ejb>
            <ejb-name>PYB_PortalEJB</ejb-name>
            <jndi-name>PYB_PortalEJB</jndi-name>
            <resource-ref>
                <res-ref-name>jdbc/HCDB</res-ref-name>
                <jndi-name>jdbc/HCDB</jndi-name>
            </resource-ref>
        </ejb>
    </enterprise-beans>
</sun-ejb-jar>
