<?xml version="1.0" encoding="UTF-8"?>
<!DOCTYPE cosminexus-app PUBLIC '-//Hitachi, Ltd.//DTD Cosminexus 8.0//EN' ''>
<cosminexus-app>
	<ejb-jar>
		<module-name>careerEJB.jar</module-name>
		<session>
			<ejb-name>EventEJB</ejb-name>
			<resource-ref>
				<res-ref-name>jdbc/HCDB</res-ref-name>
				<linked-to>HCDB</linked-to>
			</resource-ref>
			<optional-name>EventEJB</optional-name>
		</session>
		<session>
			<ejb-name>OutLogEJB</ejb-name>
			<resource-ref>
				<res-ref-name>jdbc/HCDB</res-ref-name>
				<linked-to>HCDB</linked-to>
			</resource-ref>
			<optional-name>OutLogEJB</optional-name>
		</session>
		<session>
			<ejb-name>CommonParameterEJB</ejb-name>
			<resource-ref>
				<res-ref-name>jdbc/HCDB</res-ref-name>
				<linked-to>HCDB</linked-to>
			</resource-ref>
			<optional-name>CommonParameterEJB</optional-name>
		</session>
		<session>
			<ejb-name>PYF_BlobDBAccessOracleEJB</ejb-name>
			<resource-ref>
			<res-ref-name>jdbc/HCDB</res-ref-name>
			<linked-to>HCDB</linked-to>
			</resource-ref>
			<optional-name>PYF_BlobDBAccessOracleEJB</optional-name>
		</session>
		<session>
			<ejb-name>PYF_BlobDBAccessCosmiEJB</ejb-name>
			<resource-ref>
			<res-ref-name>jdbc/HCDB</res-ref-name>
			<linked-to>HCDB</linked-to>
			</resource-ref>
			<optional-name>PYF_BlobDBAccessCosmiEJB</optional-name>
		</session>
		<session>
			<ejb-name>PZE_ExcelHanyoDownloadEJB</ejb-name>
			<resource-ref>
				<res-ref-name>jdbc/HCDB</res-ref-name>
				<linked-to>HCDB</linked-to>
			</resource-ref>
			<optional-name>PZE_ExcelHanyoDownloadEJB</optional-name>
		</session>
		<session>
			<ejb-name>PDC_BukaIchiranEJB</ejb-name>
			<resource-ref>
				<res-ref-name>jdbc/HCDB</res-ref-name>
				<linked-to>HCDB</linked-to>
			</resource-ref>
			<optional-name>PDC_BukaIchiranEJB</optional-name>
		</session>
	</ejb-jar>
</cosminexus-app>